"paper_method","project","dataset","seed","epochs","runtime_mins","run_id","raw_method","ppo_used"
"StablePrompt-RAE","GFB_BBH_TG","DYCK_LANGUAGES","6.0","30.0","50.37","ffzndnn1","StablePrompt-PPO","True"
"StablePrompt-RAE","GFB_BBH_TG","GENDER_INCLUSIVE_SENTENCES_GERMAN","6.0","30.0","27.53","fmtbdpa1","StablePrompt-PPO","True"
"StablePrompt-RAE","GFB_BBH_TG","OBJECT_COUNTING","6.0","30.0","43.85","6pwujuxz","StablePrompt-PPO","True"
"StablePrompt-RAE","GFB_BBH_TG","OPERATORS","6.0","30.0","27.82","qbgo9hwi","StablePrompt-PPO","True"
"StablePrompt-RAE","GFB_BBH_TG","TENSE","6.0","30.0","27.57","r7ip6xtm","StablePrompt-PPO","True"
"StablePrompt-RAE","GFB_BBH_TG","WORD_SORTING","6.0","30.0","51.65","ra87j2cd","StablePrompt-PPO","True"
"StablePrompt-RAE","GFB_BBH_TG","LINGUISTICS_PUZZLES","6.0","30.0","98.12","o6uxx5nt","StablePrompt-PPO","True"
"StablePrompt-RAE","GFB_BBH_TG","DYCK_LANGUAGES","42.0","30.0","26","xc2ru121","StablePrompt-PPO","True"
"StablePrompt-RAE","GFB_BBH_TG","GENDER_INCLUSIVE_SENTENCES_GERMAN","42.0","30.0","14.8","gkyu1xzs","StablePrompt-PPO","True"
"StablePrompt-RAE","GFB_BBH_TG","OBJECT_COUNTING","42.0","30.0","22.3","9507jo8a","StablePrompt-PPO","True"
"StablePrompt-RAE","GFB_BBH_TG","OPERATORS","42.0","30.0","15.28","6q2vxts4","StablePrompt-PPO","True"
"StablePrompt-RAE","GFB_BBH_TG","TENSE","42.0","30.0","15.62","cna5wybg","StablePrompt-PPO","True"
"StablePrompt-RAE","GFB_BBH_TG","WORD_SORTING","42.0","30.0","34.7","zgcres3n","StablePrompt-PPO","True"
"StablePrompt-RAE","GFB_BBH_TG","LINGUISTICS_PUZZLES","42.0","30.0","49.42","uyejcly5","StablePrompt-PPO","True"
"StablePrompt-RAE","GFB_BBH_TG","DYCK_LANGUAGES","3.0","30.0","24.73","5bdbbwi8","StablePrompt-PPO","True"
"StablePrompt-RAE","GFB_BBH_TG","GENDER_INCLUSIVE_SENTENCES_GERMAN","3.0","30.0","14.73","zwm8j19t","StablePrompt-PPO","True"
"StablePrompt-RAE","GFB_BBH_TG","OBJECT_COUNTING","3.0","30.0","24.13","aaqnezo5","StablePrompt-PPO","True"
"StablePrompt-RAE","GFB_BBH_TG","OPERATORS","3.0","30.0","14.88","ogf6bfgl","StablePrompt-PPO","True"
"StablePrompt-RAE","GFB_BBH_TG","TENSE","3.0","30.0","15.43","dutllpid","StablePrompt-PPO","True"
"StablePrompt-RAE","GFB_BBH_TG","WORD_SORTING","3.0","30.0","26.57","05k2kbgv","StablePrompt-PPO","True"
"StablePrompt-RAE","GFB_BBH_TG","LINGUISTICS_PUZZLES","3.0","30.0","49.62","1ixj66ej","StablePrompt-PPO","True"
"StablePrompt-RAE","GFB_BBH_TC","CAUSAL_JUDGMENT","6.0","30.0","10.18","y2ydgvl8","Unknown","True"
"StablePrompt-RAE","GFB_BBH_TC","DISAMBIGUATION_QA","6.0","30.0","5.97","r8qlxkc4","Unknown","True"
"StablePrompt-RAE","GFB_BBH_TC","EPISTEMIC_REASONING","6.0","30.0","13.98","r3vvwxpj","Unknown","True"
"StablePrompt-RAE","GFB_BBH_TC","HYPERBATON","6.0","30.0","180.35","14zg18u6","Unknown","True"
"StablePrompt-RAE","GFB_BBH_TC","IMPLICATURES","6.0","30.0","6.55","ksx8y9jy","Unknown","True"
"StablePrompt-RAE","GFB_BBH_TC","LOGICAL_FALLACY_DETECTION","6.0","30.0","16.22","fvhnjwlj","Unknown","True"
"StablePrompt-RAE","GFB_BBH_TC","MOVIE_RECOMMENDATION","6.0","30.0","7.2","zimp4cmn","Unknown","True"
"StablePrompt-RAE","GFB_BBH_TC","NAVIGATE","6.0","30.0","9.17","apdt56ms","Unknown","True"
"StablePrompt-RAE","GFB_BBH_TC","PRESUPPOSITIONS_AS_NLI","6.0","30.0","9.68","i9szapae","Unknown","True"
"StablePrompt-RAE","GFB_BBH_TC","RUIN_NAMES","6.0","30.0","6.38","3o59odpe","Unknown","True"
"StablePrompt-RAE","GFB_BBH_TC","SNARKS","6.0","30.0","5.87","faszx9c1","Unknown","True"
"StablePrompt-RAE","GFB_BBH_TC","SPORTS_UNDERSTANDING","6.0","30.0","8.75","cx0pa5la","Unknown","True"
"StablePrompt-RAE","GFB_BBH_TC","WINOWHY","6.0","30.0","16.8","hsea8m19","Unknown","True"
"StablePrompt-RAE","GFB_BBH_TC","CAUSAL_JUDGMENT","42.0","30.0","9.88","36yty5dn","Unknown","True"
"StablePrompt-RAE","GFB_BBH_TC","DISAMBIGUATION_QA","42.0","30.0","5.93","a71p7qju","Unknown","True"
"StablePrompt-RAE","GFB_BBH_TC","EPISTEMIC_REASONING","42.0","30.0","14.18","561l7n56","Unknown","True"
"StablePrompt-RAE","GFB_BBH_TC","CAUSAL_JUDGMENT","42.0","30.0","4.85","ltszaqhh","Unknown","True"
"StablePrompt-RAE","GFB_BBH_TC","DISAMBIGUATION_QA","42.0","30.0","3.23","gj5ojk6z","Unknown","True"
"StablePrompt-RAE","GFB_BBH_TC","EPISTEMIC_REASONING","42.0","30.0","7.15","owkfpnar","Unknown","True"
"StablePrompt-RAE","GFB_BBH_TC","HYPERBATON","42.0","30.0","91.22","zyb9fw93","Unknown","True"
"StablePrompt-RAE","GFB_BBH_TC","IMPLICATURES","42.0","30.0","3.63","6uvgjp5t","Unknown","True"
"StablePrompt-RAE","GFB_BBH_TC","LOGICAL_FALLACY_DETECTION","42.0","30.0","7.98","6abr4qgv","Unknown","True"
"StablePrompt-RAE","GFB_BBH_TC","MOVIE_RECOMMENDATION","42.0","30.0","3.83","s5irekl3","Unknown","True"
"StablePrompt-RAE","GFB_BBH_TC","NAVIGATE","42.0","30.0","4.78","9aeq180t","Unknown","True"
"StablePrompt-RAE","GFB_BBH_TC","PRESUPPOSITIONS_AS_NLI","42.0","30.0","4.92","f0n1l9sk","Unknown","True"
"StablePrompt-RAE","GFB_BBH_TC","RUIN_NAMES","42.0","30.0","3.52","x3xhqchk","Unknown","True"
"StablePrompt-RAE","GFB_BBH_TC","SNARKS","42.0","30.0","3.27","wiu5oqv2","Unknown","True"
"StablePrompt-RAE","GFB_BBH_TC","SPORTS_UNDERSTANDING","42.0","30.0","4.67","kf18pw1k","Unknown","True"
"StablePrompt-RAE","GFB_BBH_TC","WINOWHY","42.0","30.0","8.43","emie6d0w","Unknown","True"
"StablePrompt-RAE","GFB_BBH_TC","CAUSAL_JUDGMENT","3.0","30.0","4.27","1ygiey5r","Unknown","True"
"StablePrompt-RAE","GFB_BBH_TC","DISAMBIGUATION_QA","3.0","30.0","3.27","48d1ed2y","Unknown","True"
"StablePrompt-RAE","GFB_BBH_TC","EPISTEMIC_REASONING","3.0","30.0","7.17","0pfrazso","Unknown","True"
"StablePrompt-RAE","GFB_BBH_TC","HYPERBATON","3.0","30.0","92.75","zhphljlw","Unknown","True"
"StablePrompt-RAE","GFB_BBH_TC","IMPLICATURES","3.0","30.0","3.72","4fs0s8xt","Unknown","True"
"StablePrompt-RAE","GFB_BBH_TC","LOGICAL_FALLACY_DETECTION","3.0","30.0","8.15","c8knpg4h","Unknown","True"
"StablePrompt-RAE","GFB_BBH_TC","MOVIE_RECOMMENDATION","3.0","30.0","3.87","gvjop9gd","Unknown","True"
"StablePrompt-RAE","GFB_BBH_TC","NAVIGATE","3.0","30.0","4.63","0z8eg3p4","Unknown","True"
"StablePrompt-RAE","GFB_BBH_TC","PRESUPPOSITIONS_AS_NLI","3.0","30.0","4.82","ptil59mq","Unknown","True"
"StablePrompt-RAE","GFB_BBH_TC","RUIN_NAMES","3.0","30.0","3.55","6qblsejd","Unknown","True"
"StablePrompt-RAE","GFB_BBH_TC","SNARKS","3.0","30.0","3.28","gc0vzwfw","Unknown","True"
"StablePrompt-RAE","GFB_BBH_TC","SPORTS_UNDERSTANDING","3.0","30.0","4.83","muk2ydk0","Unknown","True"
"StablePrompt-RAE","GFB_BBH_TC","WINOWHY","3.0","30.0","8.32","rrx8mn50","Unknown","True"
"StablePrompt-RAE","II_re_correct","ANTONYMS","","30.0","16.03","23mhm43m","AlgPrompt","False"
"StablePrompt-RAE","II_re_correct","WORD_IN_CONTEXT","","30.0","20.87","bkzqyofa","AlgPrompt","False"
"StablePrompt-RAE","II_re_correct","RHYMES","","30.0","17.5","dzb3bpr9","AlgPrompt","False"
"StablePrompt-RAE","II_re_correct","NUM_TO_VERBAL","","30.0","15.33","88y16n6p","AlgPrompt","False"
"StablePrompt-RAE","II_re_correct","CAUSE_AND_EFFECT","","30.0","18.7","hosf1gjg","AlgPrompt","False"
"StablePrompt-RAE","II_re_correct","LARGER_ANIMAL","","30.0","15.37","ffl0i7ls","AlgPrompt","False"
"StablePrompt-RAE","II_re_correct","SECOND_WORD_LETTER","","30.0","16.1","y5mx7vud","AlgPrompt","False"
"StablePrompt-RAE","II_re_correct","TAXONOMY_ANIMAL","","30.0","18.37","3uhcjdpa","AlgPrompt","False"
"StablePrompt-RAE","II_re_correct","NEGATION","","30.0","19.77","oii2f8bt","AlgPrompt","False"
"StablePrompt-RAE","II_re_correct","COMMON_CONCEPT","","30.0","17.02","43rfayms","AlgPrompt","False"
"StablePrompt-RAE","II_re_correct","DIFF","","30.0","17.58","j3q19ufr","AlgPrompt","False"
"StablePrompt-RAE","II_re_correct","TRANSLATION_EN-ES","","30.0","15.57","jbefmoj5","AlgPrompt","False"
"StablePrompt-RAE","II_re_correct","ORTHOGRAPHY_STARTS_WITH","","30.0","18.07","q178ktlp","AlgPrompt","False"
"StablePrompt-RAE","II_re_correct","SENTIMENT","","30.0","19.75","vaxroels","AlgPrompt","False"
"StablePrompt-RAE","II_re_correct","INFORMAL_TO_FORMAL","","30.0","9.98","ixogiy17","AlgPrompt","False"
"StablePrompt-RAE","II_re_correct","SUM","","30.0","17.07","ut61m2un","AlgPrompt","False"
"StablePrompt-RAE","II_re_correct","SINGULAR_TO_PLURAL","","30.0","15.28","jm1ga5ah","AlgPrompt","False"
"StablePrompt-RAE","II_re_correct","ACTIVE_TO_PASSIVE","","30.0","19.23","5vevj02y","AlgPrompt","False"
"StablePrompt-RAE","II_re_correct","TRANSLATION_EN-DE","","30.0","14.75","prdatvv9","AlgPrompt","False"
"StablePrompt-RAE","II_re_correct","SENTENCE_SIMILARITY","","30.0","20.03","7n7ue95l","AlgPrompt","False"
"StablePrompt-RAE","II_re_correct","TRANSLATION_EN-FR","","30.0","15.3","ualtqyz7","AlgPrompt","False"
"StablePrompt-RAE","II_re_correct","LETTERS_LIST","","30.0","16.28","mrva3xnv","AlgPrompt","False"
"StablePrompt-RAE","II_re_correct","FIRST_WORD_LETTER","","30.0","16.98","jhlbzdw5","AlgPrompt","False"
"StablePrompt-RAE","II_re_correct","SYNONYMS","","30.0","18.43","ws9y0dfs","AlgPrompt","False"
"StablePrompt-RAE","II_re","ANTONYMS","","30.0","15.07","s2cbw413","AlgPrompt","False"
"StablePrompt-RAE","II_re","WORD_IN_CONTEXT","","30.0","19.05","vhopmdwy","AlgPrompt","False"
"StablePrompt-RAE","II_re","RHYMES","","30.0","17.97","p2gy34pd","AlgPrompt","False"
"StablePrompt-RAE","II_re","NUM_TO_VERBAL","","30.0","15.3","yvtq5xzd","AlgPrompt","False"
"StablePrompt-RAE","II_re","CAUSE_AND_EFFECT","","30.0","17.62","fke1c7z1","AlgPrompt","False"
"StablePrompt-RAE","II_re","LARGER_ANIMAL","","30.0","14.32","lb2ntb53","AlgPrompt","False"
"StablePrompt-RAE","II_re","SECOND_WORD_LETTER","","30.0","15.67","wbny7d7l","AlgPrompt","False"
"StablePrompt-RAE","II_re","TAXONOMY_ANIMAL","","30.0","17.22","htfbgr8g","AlgPrompt","False"
"StablePrompt-RAE","II_re","NEGATION","","30.0","20.3","6rwnfwve","AlgPrompt","False"
"StablePrompt-RAE","II_re","COMMON_CONCEPT","","30.0","17.8","d8tmd5oo","AlgPrompt","False"
"StablePrompt-RAE","II_re","DIFF","","30.0","16.07","9avqq2cb","AlgPrompt","False"
"StablePrompt-RAE","II_re","TRANSLATION_EN-ES","","30.0","13.68","9j3p03or","AlgPrompt","False"
"StablePrompt-RAE","II_re","ORTHOGRAPHY_STARTS_WITH","","30.0","17.03","zlv7ygth","AlgPrompt","False"
"StablePrompt-RAE","II_re","SENTIMENT","","30.0","17.9","cznie71d","AlgPrompt","False"
"StablePrompt-RAE","II_re","INFORMAL_TO_FORMAL","","30.0","10.07","afw16bqk","AlgPrompt","False"
"StablePrompt-RAE","II_re","SUM","","30.0","15.98","pvb9td7f","AlgPrompt","False"
"StablePrompt-RAE","II_re","SINGULAR_TO_PLURAL","","30.0","14.57","fu41lhoo","AlgPrompt","False"
"StablePrompt-RAE","II_re","ACTIVE_TO_PASSIVE","","30.0","17.63","p7hinoos","AlgPrompt","False"
"StablePrompt-RAE","II_re","TRANSLATION_EN-DE","","30.0","15.15","xlc0w714","AlgPrompt","False"
"StablePrompt-RAE","II_re","SENTENCE_SIMILARITY","","30.0","18.7","eegvzaoa","AlgPrompt","False"
"StablePrompt-RAE","II_re","TRANSLATION_EN-FR","","30.0","14.43","bcctizpc","AlgPrompt","False"
"StablePrompt-RAE","II_re","LETTERS_LIST","","30.0","15.45","81j629mo","AlgPrompt","False"
"StablePrompt-RAE","II_re","FIRST_WORD_LETTER","","30.0","14.7","fdsuitlu","AlgPrompt","False"
"StablePrompt-RAE","II_re","SYNONYMS","","30.0","16.8","mgea92d3","AlgPrompt","False"
"StablePrompt-RAE","II_re","ANTONYMS","","30.0","15.38","6sd1v8gs","AlgPrompt","False"
"StablePrompt-RAE","GFB_II","ANTONYMS","42.0","30.0","7.22","e3e9jxpa","StablePrompt-PPO","True"
"StablePrompt-RAE","GFB_II","WORD_IN_CONTEXT","42.0","30.0","7.45","jvx2eop8","StablePrompt-PPO","True"
"StablePrompt-RAE","GFB_II","RHYMES","42.0","30.0","7.2","nhjqiwmk","StablePrompt-PPO","True"
"StablePrompt-RAE","GFB_II","NUM_TO_VERBAL","42.0","30.0","6.97","xhapw4eo","StablePrompt-PPO","True"
"StablePrompt-RAE","GFB_II","CAUSE_AND_EFFECT","42.0","30.0","7.12","5yhpgyzx","StablePrompt-PPO","True"
"StablePrompt-RAE","GFB_II","LARGER_ANIMAL","42.0","30.0","6.72","zbi8uyn0","StablePrompt-PPO","True"
"StablePrompt-RAE","GFB_II","SECOND_WORD_LETTER","42.0","30.0","7.2","hcisz5t7","StablePrompt-PPO","True"
"StablePrompt-RAE","GFB_II","TAXONOMY_ANIMAL","42.0","30.0","7.12","58xxm6ju","StablePrompt-PPO","True"
"StablePrompt-RAE","GFB_II","NEGATION","42.0","30.0","7.48","reiyf9mi","StablePrompt-PPO","True"
"StablePrompt-RAE","GFB_II","COMMON_CONCEPT","42.0","30.0","6.45","mrv737ho","StablePrompt-PPO","True"
"StablePrompt-RAE","GFB_II","DIFF","42.0","30.0","7.18","x3aq4f5o","StablePrompt-PPO","True"
"StablePrompt-RAE","GFB_II","TRANSLATION_EN-ES","42.0","30.0","6.85","8j6q5bag","StablePrompt-PPO","True"
"StablePrompt-RAE","GFB_II","ORTHOGRAPHY_STARTS_WITH","42.0","30.0","7.25","uknwr52m","StablePrompt-PPO","True"
"StablePrompt-RAE","GFB_II","SENTIMENT","42.0","30.0","7.33","r130swr5","StablePrompt-PPO","True"
"StablePrompt-RAE","GFB_II","INFORMAL_TO_FORMAL","42.0","30.0","3.55","mifp70tg","StablePrompt-PPO","True"
"StablePrompt-RAE","GFB_II","SUM","42.0","30.0","7.17","qzfcwrai","StablePrompt-PPO","True"
"StablePrompt-RAE","GFB_II","SINGULAR_TO_PLURAL","42.0","30.0","7.07","wgegb00l","StablePrompt-PPO","True"
"StablePrompt-RAE","GFB_II","ACTIVE_TO_PASSIVE","42.0","30.0","7.4","ij8svrex","StablePrompt-PPO","True"
"StablePrompt-RAE","GFB_II","TRANSLATION_EN-DE","42.0","30.0","6.9","ce6ci83c","StablePrompt-PPO","True"
"StablePrompt-RAE","GFB_II","SENTENCE_SIMILARITY","42.0","30.0","7.57","s8sxnk2g","StablePrompt-PPO","True"
"StablePrompt-RAE","GFB_II","TRANSLATION_EN-FR","42.0","30.0","6.72","knv128de","StablePrompt-PPO","True"
"StablePrompt-RAE","GFB_II","LETTERS_LIST","42.0","30.0","7.07","uisb947h","StablePrompt-PPO","True"
"StablePrompt-RAE","GFB_II","FIRST_WORD_LETTER","42.0","30.0","7.12","2femz1cd","StablePrompt-PPO","True"
"StablePrompt-RAE","GFB_II","SYNONYMS","42.0","30.0","7.18","y2iff2ze","StablePrompt-PPO","True"
"StablePrompt-RAE","GFB_II","ANTONYMS","3.0","30.0","7.4","kobihwdb","StablePrompt-PPO","True"
"StablePrompt-RAE","GFB_II","WORD_IN_CONTEXT","3.0","30.0","7.35","vgkzoub3","StablePrompt-PPO","True"
"StablePrompt-RAE","GFB_II","RHYMES","3.0","30.0","7.13","58sdhgo0","StablePrompt-PPO","True"
"StablePrompt-RAE","GFB_II","NUM_TO_VERBAL","3.0","30.0","7.05","nqa6dhgl","StablePrompt-PPO","True"
"StablePrompt-RAE","GFB_II","CAUSE_AND_EFFECT","3.0","30.0","6.8","itzyipx6","StablePrompt-PPO","True"
"StablePrompt-RAE","GFB_II","LARGER_ANIMAL","3.0","30.0","7.87","4lkdhyn7","StablePrompt-PPO","True"
"StablePrompt-RAE","GFB_II","SECOND_WORD_LETTER","3.0","30.0","7.27","dtygrvur","StablePrompt-PPO","True"
"StablePrompt-RAE","GFB_II","TAXONOMY_ANIMAL","3.0","30.0","7.18","etzwt1qh","StablePrompt-PPO","True"
"StablePrompt-RAE","GFB_II","NEGATION","3.0","30.0","7.32","r0j4ovqn","StablePrompt-PPO","True"
"StablePrompt-RAE","GFB_II","COMMON_CONCEPT","3.0","30.0","6.62","pu6lf8er","StablePrompt-PPO","True"
"StablePrompt-RAE","GFB_II","DIFF","3.0","30.0","7.17","1x5gi3u8","StablePrompt-PPO","True"
"StablePrompt-RAE","GFB_II","TRANSLATION_EN-ES","3.0","30.0","7","5nzmf901","StablePrompt-PPO","True"
"StablePrompt-RAE","GFB_II","ORTHOGRAPHY_STARTS_WITH","3.0","30.0","7.28","a15pypf7","StablePrompt-PPO","True"
"StablePrompt-RAE","GFB_II","SENTIMENT","3.0","30.0","7.33","w34ayhza","StablePrompt-PPO","True"
"StablePrompt-RAE","GFB_II","INFORMAL_TO_FORMAL","3.0","30.0","3.65","6ixdx991","StablePrompt-PPO","True"
"StablePrompt-RAE","GFB_II","SUM","3.0","30.0","7.1","trp1goyb","StablePrompt-PPO","True"
"StablePrompt-RAE","GFB_II","SINGULAR_TO_PLURAL","3.0","30.0","7.08","4v72cxj9","StablePrompt-PPO","True"
"StablePrompt-RAE","GFB_II","ACTIVE_TO_PASSIVE","3.0","30.0","7.25","fyfy2gnl","StablePrompt-PPO","True"
"StablePrompt-RAE","GFB_II","TRANSLATION_EN-DE","3.0","30.0","7.02","791xou4c","StablePrompt-PPO","True"
"StablePrompt-RAE","GFB_II","SENTENCE_SIMILARITY","3.0","30.0","7.55","ev1lk5wu","StablePrompt-PPO","True"
"StablePrompt-RAE","GFB_II","TRANSLATION_EN-FR","3.0","30.0","6.97","npajnuwq","StablePrompt-PPO","True"
"StablePrompt-RAE","GFB_II","LETTERS_LIST","3.0","30.0","7.12","zfyzyskw","StablePrompt-PPO","True"
"StablePrompt-RAE","GFB_II","FIRST_WORD_LETTER","3.0","30.0","7.22","kxnp3hoz","StablePrompt-PPO","True"
"StablePrompt-RAE","GFB_II","SYNONYMS","3.0","30.0","7.27","e5atjxvy","StablePrompt-PPO","True"
"StablePrompt-RAE","GFB_II","ANTONYMS","3.0","30.0","6.47","t3p5qnyz","StablePrompt-PPO","True"
"StablePrompt-RAE","GFB_II","WORD_IN_CONTEXT","3.0","30.0","6.87","gw67czaz","StablePrompt-PPO","True"
"StablePrompt-RAE","GFB_II","RHYMES","3.0","30.0","6.68","oarwpibw","StablePrompt-PPO","True"
"StablePrompt-RAE","GFB_II","NUM_TO_VERBAL","3.0","30.0","6.75","uy9vl7up","StablePrompt-PPO","True"
"StablePrompt-RAE","GFB_II","CAUSE_AND_EFFECT","3.0","30.0","6.82","z07jnus8","StablePrompt-PPO","True"
"StablePrompt-RAE","GFB_II","LARGER_ANIMAL","3.0","30.0","6.52","jsvot9w1","StablePrompt-PPO","True"
"StablePrompt-RAE","GFB_II","SECOND_WORD_LETTER","3.0","30.0","6.55","8m2ad850","StablePrompt-PPO","True"
"StablePrompt-RAE","GFB_II","TAXONOMY_ANIMAL","3.0","30.0","6.72","x5ltxxkj","StablePrompt-PPO","True"
"StablePrompt-RAE","GFB_II","NEGATION","3.0","30.0","6.72","u299b6hc","StablePrompt-PPO","True"
"StablePrompt-RAE","GFB_II","COMMON_CONCEPT","3.0","30.0","6.48","gsskb3xd","StablePrompt-PPO","True"
"StablePrompt-RAE","GFB_II","DIFF","3.0","30.0","6.43","z7viaztr","StablePrompt-PPO","True"
"StablePrompt-RAE","GFB_II","TRANSLATION_EN-ES","3.0","30.0","6.17","ovg0a6id","StablePrompt-PPO","True"
"StablePrompt-RAE","GFB_II","ORTHOGRAPHY_STARTS_WITH","3.0","30.0","6.97","3jcm00fe","StablePrompt-PPO","True"
"StablePrompt-RAE","GFB_II","SENTIMENT","3.0","30.0","6.72","h5osl9wl","StablePrompt-PPO","True"
"StablePrompt-RAE","GFB_II","INFORMAL_TO_FORMAL","3.0","30.0","3.55","jyv22mj7","StablePrompt-PPO","True"
"StablePrompt-RAE","GFB_II","SUM","3.0","30.0","6.53","asqz76id","StablePrompt-PPO","True"
"StablePrompt-RAE","GFB_II","SINGULAR_TO_PLURAL","3.0","30.0","6.42","ixe0a886","StablePrompt-PPO","True"
"StablePrompt-RAE","GFB_II","ACTIVE_TO_PASSIVE","3.0","30.0","6.5","e2aq8jh5","StablePrompt-PPO","True"
"StablePrompt-RAE","GFB_II","TRANSLATION_EN-DE","3.0","30.0","6.32","b8n9xp82","StablePrompt-PPO","True"
"StablePrompt-RAE","GFB_II","SENTENCE_SIMILARITY","3.0","30.0","7.18","xkxylho2","StablePrompt-PPO","True"
"StablePrompt-RAE","GFB_II","TRANSLATION_EN-FR","3.0","30.0","6.12","y7gpc91k","StablePrompt-PPO","True"
"StablePrompt-RAE","GFB_II","LETTERS_LIST","3.0","30.0","6.57","khz29jhu","StablePrompt-PPO","True"
"StablePrompt-RAE","GFB_II","FIRST_WORD_LETTER","3.0","30.0","6.82","97vhamsm","StablePrompt-PPO","True"
"StablePrompt-RAE","GFB_II","SYNONYMS","3.0","30.0","6.58","fepne7t8","StablePrompt-PPO","True"
"StablePrompt-RAE","GFB_II","ANTONYMS","6.0","30.0","7.25","x1w1zuh1","StablePrompt-PPO","True"
"StablePrompt-RAE","GFB_II","WORD_IN_CONTEXT","6.0","30.0","7.4","8pwb3fml","StablePrompt-PPO","True"
"StablePrompt-RAE","GFB_II","RHYMES","6.0","30.0","7.47","fykqraaf","StablePrompt-PPO","True"
"StablePrompt-RAE","GFB_II","NUM_TO_VERBAL","6.0","30.0","7.72","1v947onh","StablePrompt-PPO","True"
"StablePrompt-RAE","GFB_II","CAUSE_AND_EFFECT","6.0","30.0","6.77","fdghz6vx","StablePrompt-PPO","True"
"StablePrompt-RAE","GFB_II","LARGER_ANIMAL","6.0","30.0","7","x8twx5pr","StablePrompt-PPO","True"
"StablePrompt-RAE","GFB_II","SECOND_WORD_LETTER","6.0","30.0","7.17","i0nrgxvf","StablePrompt-PPO","True"
"StablePrompt-RAE","GFB_II","TAXONOMY_ANIMAL","6.0","30.0","7.35","4tn3ldme","StablePrompt-PPO","True"
"StablePrompt-RAE","GFB_II","NEGATION","6.0","30.0","7.42","o4k7nzsl","StablePrompt-PPO","True"
"StablePrompt-RAE","GFB_II","COMMON_CONCEPT","6.0","30.0","6.38","1azp7maf","StablePrompt-PPO","True"
"StablePrompt-RAE","GFB_II","DIFF","6.0","30.0","7.1","1n1ewrnp","StablePrompt-PPO","True"
"StablePrompt-RAE","GFB_II","TRANSLATION_EN-ES","6.0","30.0","6.87","p634eblj","StablePrompt-PPO","True"
"StablePrompt-RAE","GFB_II","ORTHOGRAPHY_STARTS_WITH","6.0","30.0","7.33","zxw36jg3","StablePrompt-PPO","True"
"StablePrompt-RAE","GFB_II","SENTIMENT","6.0","30.0","7.58","7fvfzens","StablePrompt-PPO","True"
"StablePrompt-RAE","GFB_II","INFORMAL_TO_FORMAL","6.0","30.0","3.6","6lwi3mq8","StablePrompt-PPO","True"
"StablePrompt-RAE","GFB_II","SUM","6.0","30.0","7.08","kv6niv96","StablePrompt-PPO","True"
"StablePrompt-RAE","GFB_II","SINGULAR_TO_PLURAL","6.0","30.0","6.88","4g1zp7gx","StablePrompt-PPO","True"
"StablePrompt-RAE","GFB_II","ACTIVE_TO_PASSIVE","6.0","30.0","7.23","rq1768pz","StablePrompt-PPO","True"
"StablePrompt-RAE","GFB_II","TRANSLATION_EN-DE","6.0","30.0","6.98","fkjd03ik","StablePrompt-PPO","True"
"StablePrompt-RAE","GFB_II","SENTENCE_SIMILARITY","6.0","30.0","7.38","ljo176e1","StablePrompt-PPO","True"
"StablePrompt-RAE","GFB_II","TRANSLATION_EN-FR","6.0","30.0","6.82","0zjbfjbk","StablePrompt-PPO","True"
"StablePrompt-RAE","GFB_II","LETTERS_LIST","6.0","30.0","7.15","oxn8x551","StablePrompt-PPO","True"
"StablePrompt-RAE","GFB_II","FIRST_WORD_LETTER","6.0","30.0","7.22","tpq3quf7","StablePrompt-PPO","True"
"StablePrompt-RAE","GFB_II","SYNONYMS","6.0","30.0","8.52","wo56tdgm","StablePrompt-PPO","True"
"StablePrompt-RAE","GFB_II","ANTONYMS","6.0","100.0","37.95","vh2r1ee7","StablePrompt-PPO","True"
"StablePrompt-RAE","GFB_II","WORD_IN_CONTEXT","6.0","100.0","40.6","cr9h5kos","StablePrompt-PPO","True"
"StablePrompt-RAE","GFB_II","RHYMES","6.0","100.0","37.6","a2mignvr","StablePrompt-PPO","True"
"StablePrompt-RAE","GFB_II","NUM_TO_VERBAL","6.0","100.0","36.2","8njysxts","StablePrompt-PPO","True"
"StablePrompt-RAE","GFB_II","CAUSE_AND_EFFECT","6.0","100.0","37.47","w4rwug6n","StablePrompt-PPO","True"
"StablePrompt-RAE","GFB_II","LARGER_ANIMAL","6.0","100.0","36.97","gr159iws","StablePrompt-PPO","True"
"StablePrompt-RAE","GFB_II","SECOND_WORD_LETTER","6.0","100.0","37.23","8320cdfd","StablePrompt-PPO","True"
"StablePrompt-RAE","GFB_II","TAXONOMY_ANIMAL","6.0","100.0","38.57","hbyqjltd","StablePrompt-PPO","True"
"StablePrompt-RAE","GFB_II","NEGATION","6.0","100.0","39.35","nebz7o1j","StablePrompt-PPO","True"
"StablePrompt-RAE","GFB_II","COMMON_CONCEPT","6.0","100.0","34.32","ince3hn7","StablePrompt-PPO","True"
"StablePrompt-RAE","GFB_II","DIFF","6.0","100.0","39.18","z7fv2zmc","StablePrompt-PPO","True"
"StablePrompt-RAE","GFB_II","TRANSLATION_EN-ES","6.0","100.0","35.07","ksbaavzu","StablePrompt-PPO","True"
"StablePrompt-RAE","GFB_II","ORTHOGRAPHY_STARTS_WITH","6.0","100.0","39.22","13yc9cmw","StablePrompt-PPO","True"
"StablePrompt-RAE","GFB_II","SENTIMENT","6.0","100.0","38.93","abtx5xrq","StablePrompt-PPO","True"
"StablePrompt-RAE","GFB_II","INFORMAL_TO_FORMAL","6.0","100.0","18.93","yx87svw0","StablePrompt-PPO","True"
"StablePrompt-RAE","GFB_II","SUM","6.0","100.0","37.57","fj8di6v2","StablePrompt-PPO","True"
"StablePrompt-RAE","GFB_II","SINGULAR_TO_PLURAL","6.0","100.0","36.77","pwpoa9kg","StablePrompt-PPO","True"
"StablePrompt-RAE","GFB_II","ACTIVE_TO_PASSIVE","6.0","100.0","38.22","1zp7vl6s","StablePrompt-PPO","True"
"StablePrompt-RAE","GFB_II","TRANSLATION_EN-DE","6.0","100.0","36.25","uzya0ah3","StablePrompt-PPO","True"
"StablePrompt-RAE","GFB_II","SENTENCE_SIMILARITY","6.0","100.0","40.45","fwzn1gjy","StablePrompt-PPO","True"
"StablePrompt-RAE","GFB_II","TRANSLATION_EN-FR","6.0","100.0","35.63","ad3ds1dx","StablePrompt-PPO","True"
"StablePrompt-RAE","GFB_II","LETTERS_LIST","6.0","100.0","37.3","hxccbihu","StablePrompt-PPO","True"
"StablePrompt-RAE","GFB_II","FIRST_WORD_LETTER","6.0","100.0","36.93","oh43f0mz","StablePrompt-PPO","True"
"StablePrompt-RAE","GFB_II","SYNONYMS","6.0","100.0","37.92","dwpv12iw","StablePrompt-PPO","True"
"StablePrompt-RAE","GFB_II","ANTONYMS","6.0","200.0","75.78","ooeqfdwi","StablePrompt-PPO","True"
"StablePrompt-RAE","GFB_II","WORD_IN_CONTEXT","6.0","200.0","79.57","7b8pcgmp","StablePrompt-PPO","True"
"StablePrompt-RAE","GFB_II","RHYMES","6.0","200.0","73.6","0vfnr4tn","StablePrompt-PPO","True"
"StablePrompt-RAE","GFB_II","NUM_TO_VERBAL","6.0","200.0","70.65","adakczlb","StablePrompt-PPO","True"
"StablePrompt-RAE","GFB_II","CAUSE_AND_EFFECT","6.0","200.0","74.33","jewwiv6a","StablePrompt-PPO","True"
"StablePrompt-RAE","GFB_II","LARGER_ANIMAL","6.0","200.0","71.83","viyevmbv","StablePrompt-PPO","True"
"StablePrompt-RAE","GFB_II","SECOND_WORD_LETTER","6.0","200.0","72.9","8p58c7ce","StablePrompt-PPO","True"
"StablePrompt-RAE","GFB_II","TAXONOMY_ANIMAL","6.0","200.0","75.52","7xjf8nxq","StablePrompt-PPO","True"
"StablePrompt-RAE","GFB_II","NEGATION","6.0","200.0","77.02","yr7zbwik","StablePrompt-PPO","True"
"StablePrompt-RAE","GFB_II","COMMON_CONCEPT","6.0","200.0","68.32","xj74yd2d","StablePrompt-PPO","True"
"StablePrompt-RAE","GFB_II","DIFF","6.0","200.0","73","f0cljbpe","StablePrompt-PPO","True"
"StablePrompt-RAE","GFB_II","TRANSLATION_EN-ES","6.0","200.0","68.97","k63x8lus","StablePrompt-PPO","True"
"StablePrompt-RAE","GFB_II","ORTHOGRAPHY_STARTS_WITH","6.0","200.0","77.7","wpnikx0u","StablePrompt-PPO","True"
"StablePrompt-RAE","GFB_II","SENTIMENT","6.0","200.0","77.02","4pe5m4de","StablePrompt-PPO","True"
"StablePrompt-RAE","GFB_II","INFORMAL_TO_FORMAL","6.0","200.0","37.87","2zbjozkz","StablePrompt-PPO","True"
"StablePrompt-RAE","GFB_II","SUM","6.0","200.0","74.02","vlxloxje","StablePrompt-PPO","True"
"StablePrompt-RAE","GFB_II","SINGULAR_TO_PLURAL","6.0","200.0","71.9","8r2z8ben","StablePrompt-PPO","True"
"StablePrompt-RAE","GFB_II","ACTIVE_TO_PASSIVE","6.0","200.0","74.88","xwgposix","StablePrompt-PPO","True"
"StablePrompt-RAE","GFB_II","TRANSLATION_EN-DE","6.0","200.0","70.93","py7xe8cw","StablePrompt-PPO","True"
"StablePrompt-RAE","GFB_II","SENTENCE_SIMILARITY","6.0","200.0","79.62","u456fi0y","StablePrompt-PPO","True"
"StablePrompt-RAE","GFB_II","TRANSLATION_EN-FR","6.0","200.0","69.62","tbs7rnrs","StablePrompt-PPO","True"
"StablePrompt-RAE","GFB_II","LETTERS_LIST","6.0","200.0","73.13","ikf6t572","StablePrompt-PPO","True"
"StablePrompt-RAE","GFB_II","FIRST_WORD_LETTER","6.0","200.0","72.92","n69n1wgx","StablePrompt-PPO","True"
"StablePrompt-RAE","GFB_II","SYNONYMS","6.0","200.0","74.57","s7q3zil0","StablePrompt-PPO","True"
"StablePrompt-RAE","GFB_QA","ABSTRACT_ALGEBRA","42.0","30.0","4.27","idb2logj","StablePrompt-PPO(cs=0)","True"
"StablePrompt-RAE","GFB_QA","ANATOMY","42.0","30.0","4.58","6ffo0w6o","StablePrompt-PPO(cs=0)","True"
"StablePrompt-RAE","GFB_QA","ASTRONOMY","42.0","30.0","4.95","vw5be5bo","StablePrompt-PPO(cs=0)","True"
"StablePrompt-RAE","GFB_QA","BUSINESS_ETHICS","42.0","30.0","4.53","as2imu5n","StablePrompt-PPO(cs=0)","True"
"StablePrompt-RAE","GFB_QA","CLINICAL_KNOWLEDGE","42.0","30.0","5.33","tut9lfgt","StablePrompt-PPO(cs=0)","True"
"StablePrompt-RAE","GFB_QA","COLLEGE_BIOLOGY","42.0","30.0","4.72","x7g90mz1","StablePrompt-PPO(cs=0)","True"
"StablePrompt-RAE","GFB_QA","COLLEGE_CHEMISTRY","42.0","30.0","4.63","ewnoc61c","StablePrompt-PPO(cs=0)","True"
"StablePrompt-RAE","GFB_QA","COLLEGE_COMPUTER_SCIENCE","42.0","30.0","5.02","6ecety2j","StablePrompt-PPO(cs=0)","True"
"StablePrompt-RAE","GFB_QA","COLLEGE_MATHEMATICS","42.0","30.0","4.47","nsm9ixi8","StablePrompt-PPO(cs=0)","True"
"StablePrompt-RAE","GFB_QA","COLLEGE_MEDICINE","42.0","30.0","5.5","gaor18aq","StablePrompt-PPO(cs=0)","True"
"StablePrompt-RAE","GFB_QA","COLLEGE_PHYSICS","42.0","30.0","4.63","6nz5m260","StablePrompt-PPO(cs=0)","True"
"StablePrompt-RAE","GFB_QA","COMPUTER_SECURITY","42.0","30.0","4.85","tien7e59","StablePrompt-PPO(cs=0)","True"
"StablePrompt-RAE","GFB_QA","CONCEPTUAL_PHYSICS","42.0","30.0","4.9","c62qt23c","StablePrompt-PPO(cs=0)","True"
"StablePrompt-RAE","GFB_QA","ECONOMETRICS","42.0","30.0","5","v3ilna0z","StablePrompt-PPO(cs=0)","True"
"StablePrompt-RAE","GFB_QA","ELECTRICAL_ENGINEERING","42.0","30.0","4.45","tkqj72jy","StablePrompt-PPO(cs=0)","True"
"StablePrompt-RAE","GFB_QA","ELEMENTARY_MATHEMATICS","42.0","30.0","6.1","2cmndzux","StablePrompt-PPO(cs=0)","True"
"StablePrompt-RAE","GFB_QA","FORMAL_LOGIC","42.0","30.0","5.2","ga7v4b0x","StablePrompt-PPO(cs=0)","True"
"StablePrompt-RAE","GFB_QA","GLOBAL_FACTS","42.0","30.0","4.12","t6w3c4z1","StablePrompt-PPO(cs=0)","True"
"StablePrompt-RAE","GFB_QA","HIGH_SCHOOL_BIOLOGY","42.0","30.0","5.7","2xh81lhy","StablePrompt-PPO(cs=0)","True"
"StablePrompt-RAE","GFB_QA","HIGH_SCHOOL_CHEMISTRY","42.0","30.0","5.32","xwhcdwxi","StablePrompt-PPO(cs=0)","True"
"StablePrompt-RAE","GFB_QA","HIGH_SCHOOL_COMPUTER_SCIENCE","42.0","30.0","5.22","m5rzpi29","StablePrompt-PPO(cs=0)","True"
"StablePrompt-RAE","GFB_QA","HIGH_SCHOOL_EUROPEAN_HISTORY","42.0","30.0","8.17","xcee3lp2","StablePrompt-PPO(cs=0)","True"
"StablePrompt-RAE","GFB_QA","HIGH_SCHOOL_GEOGRAPHY","42.0","30.0","4.72","fu8oopb0","StablePrompt-PPO(cs=0)","True"
"StablePrompt-RAE","GFB_QA","HIGH_SCHOOL_GOVERNMENT_AND_POLITICS","42.0","30.0","5.13","607pq84l","StablePrompt-PPO(cs=0)","True"
"StablePrompt-RAE","GFB_QA","HIGH_SCHOOL_MACROECONOMICS","42.0","30.0","6.03","gowj44hl","StablePrompt-PPO(cs=0)","True"
"StablePrompt-RAE","GFB_QA","HIGH_SCHOOL_MATHEMATICS","42.0","30.0","5.37","11ir8ywt","StablePrompt-PPO(cs=0)","True"
"StablePrompt-RAE","GFB_QA","HIGH_SCHOOL_MICROECONOMICS","42.0","30.0","5.23","1i6r5zhw","StablePrompt-PPO(cs=0)","True"
"StablePrompt-RAE","GFB_QA","HIGH_SCHOOL_PHYSICS","42.0","30.0","5.08","qu9g23ok","StablePrompt-PPO(cs=0)","True"
"StablePrompt-RAE","GFB_QA","HIGH_SCHOOL_PSYCHOLOGY","42.0","30.0","7.15","6d3gtpx8","StablePrompt-PPO(cs=0)","True"
"StablePrompt-RAE","GFB_QA","HIGH_SCHOOL_STATISTICS","42.0","30.0","5.83","xkrt1mo2","StablePrompt-PPO(cs=0)","True"
"StablePrompt-RAE","GFB_QA","HIGH_SCHOOL_US_HISTORY","42.0","30.0","8","sj42dk75","StablePrompt-PPO(cs=0)","True"
"StablePrompt-RAE","GFB_QA","HIGH_SCHOOL_WORLD_HISTORY","42.0","30.0","8.32","9y0ndn91","StablePrompt-PPO(cs=0)","True"
"StablePrompt-RAE","GFB_QA","HUMAN_AGING","42.0","30.0","4.8","jl2kebfs","StablePrompt-PPO(cs=0)","True"
"StablePrompt-RAE","GFB_QA","HUMAN_SEXUALITY","42.0","30.0","4.53","vllfhdax","StablePrompt-PPO(cs=0)","True"
"StablePrompt-RAE","GFB_QA","INTERNATIONAL_LAW","42.0","30.0","4.93","r9778081","StablePrompt-PPO(cs=0)","True"
"StablePrompt-RAE","GFB_QA","JURISPRUDENCE","42.0","30.0","4.63","hpdb7ctj","StablePrompt-PPO(cs=0)","True"
"StablePrompt-RAE","GFB_QA","LOGICAL_FALLACIES","42.0","30.0","4.98","k92q40m1","StablePrompt-PPO(cs=0)","True"
"StablePrompt-RAE","GFB_QA","MACHINE_LEARNING","42.0","30.0","4.85","82mheb0z","StablePrompt-PPO(cs=0)","True"
"StablePrompt-RAE","GFB_QA","MANAGEMENT","42.0","30.0","3.97","t9vsq3jl","StablePrompt-PPO(cs=0)","True"
"StablePrompt-RAE","GFB_QA","MARKETING","42.0","30.0","5.02","02bbvv6q","StablePrompt-PPO(cs=0)","True"
"StablePrompt-RAE","GFB_QA","MEDICAL_GENETICS","42.0","30.0","4.45","23l1ne7a","StablePrompt-PPO(cs=0)","True"
"StablePrompt-RAE","GFB_QA","MISCELLANEOUS","42.0","30.0","7.97","7azbkre8","StablePrompt-PPO(cs=0)","True"
"StablePrompt-RAE","GFB_QA","MORAL_DISPUTES","42.0","30.0","6.07","zxuzgh7i","StablePrompt-PPO(cs=0)","True"
"StablePrompt-RAE","GFB_QA","MORAL_SCENARIOS","42.0","30.0","9.87","66v4fzd3","StablePrompt-PPO(cs=0)","True"
"StablePrompt-RAE","GFB_QA","NUTRITION","42.0","30.0","5.77","y9m3yt46","StablePrompt-PPO(cs=0)","True"
"StablePrompt-RAE","GFB_QA","PHILOSOPHY","42.0","30.0","5.57","c3aav308","StablePrompt-PPO(cs=0)","True"
"StablePrompt-RAE","GFB_QA","PREHISTORY","42.0","30.0","5.87","4jurx8kz","StablePrompt-PPO(cs=0)","True"
"StablePrompt-RAE","GFB_QA","PROFESSIONAL_ACCOUNTING","42.0","30.0","6.07","bhs7fk4b","StablePrompt-PPO(cs=0)","True"
"StablePrompt-RAE","GFB_QA","PROFESSIONAL_LAW","42.0","30.0","21.22","p8kw450l","StablePrompt-PPO(cs=0)","True"
"StablePrompt-RAE","GFB_QA","PROFESSIONAL_MEDICINE","42.0","30.0","7.15","4x8r6b9n","StablePrompt-PPO(cs=0)","True"
"StablePrompt-RAE","GFB_QA","PROFESSIONAL_PSYCHOLOGY","42.0","30.0","7.87","zfnakjfp","StablePrompt-PPO(cs=0)","True"
"StablePrompt-RAE","GFB_QA","PUBLIC_RELATIONS","42.0","30.0","4.4","o0tdk4uj","StablePrompt-PPO(cs=0)","True"
"StablePrompt-RAE","GFB_QA","SECURITY_STUDIES","42.0","30.0","6.78","0dj84mr7","StablePrompt-PPO(cs=0)","True"
"StablePrompt-RAE","GFB_QA","SOCIOLOGY","42.0","30.0","5.08","4yrl485w","StablePrompt-PPO(cs=0)","True"
"StablePrompt-RAE","GFB_QA","US_FOREIGN_POLICY","42.0","30.0","4.58","uky9ql83","StablePrompt-PPO(cs=0)","True"
"StablePrompt-RAE","GFB_QA","VIROLOGY","42.0","30.0","5.07","5va7onvm","StablePrompt-PPO(cs=0)","True"
"StablePrompt-RAE","GFB_QA","WORLD_RELIGIONS","42.0","30.0","4.53","1fzndgk8","StablePrompt-PPO(cs=0)","True"
"StablePrompt-RAE","GFB_QA","ABSTRACT_ALGEBRA","3.0","30.0","4.42","1mvbx7nz","StablePrompt-PPO(cs=0)","True"
"StablePrompt-RAE","GFB_QA","ANATOMY","3.0","30.0","4.38","i8pwlpik","StablePrompt-PPO(cs=0)","True"
"StablePrompt-RAE","GFB_QA","ASTRONOMY","3.0","30.0","4.93","43d82g96","StablePrompt-PPO(cs=0)","True"
"StablePrompt-RAE","GFB_QA","BUSINESS_ETHICS","3.0","30.0","4.55","gtoqmzyo","StablePrompt-PPO(cs=0)","True"
"StablePrompt-RAE","GFB_QA","CLINICAL_KNOWLEDGE","3.0","30.0","5.23","zesfotys","StablePrompt-PPO(cs=0)","True"
"StablePrompt-RAE","GFB_QA","COLLEGE_BIOLOGY","3.0","30.0","4.83","d6z4aria","StablePrompt-PPO(cs=0)","True"
"StablePrompt-RAE","GFB_QA","COLLEGE_CHEMISTRY","3.0","30.0","4.5","4gv148eh","StablePrompt-PPO(cs=0)","True"
"StablePrompt-RAE","GFB_QA","COLLEGE_COMPUTER_SCIENCE","3.0","30.0","4.82","56s33vjg","StablePrompt-PPO(cs=0)","True"
"StablePrompt-RAE","GFB_QA","COLLEGE_MATHEMATICS","3.0","30.0","4.35","btps56ov","StablePrompt-PPO(cs=0)","True"
"StablePrompt-RAE","GFB_QA","COLLEGE_MEDICINE","3.0","30.0","5.32","l3vl9n4k","StablePrompt-PPO(cs=0)","True"
"StablePrompt-RAE","GFB_QA","COLLEGE_PHYSICS","3.0","30.0","4.72","1mq657vm","StablePrompt-PPO(cs=0)","True"
"StablePrompt-RAE","GFB_QA","COMPUTER_SECURITY","3.0","30.0","4.73","67m2re5y","StablePrompt-PPO(cs=0)","True"
"StablePrompt-RAE","GFB_QA","CONCEPTUAL_PHYSICS","3.0","30.0","4.88","z5tkil1i","StablePrompt-PPO(cs=0)","True"
"StablePrompt-RAE","GFB_QA","ECONOMETRICS","3.0","30.0","4.97","420kt8zq","StablePrompt-PPO(cs=0)","True"
"StablePrompt-RAE","GFB_QA","ELECTRICAL_ENGINEERING","3.0","30.0","4.5","hgzwebmt","StablePrompt-PPO(cs=0)","True"
"StablePrompt-RAE","GFB_QA","ELEMENTARY_MATHEMATICS","3.0","30.0","6.47","ae6ir26x","StablePrompt-PPO(cs=0)","True"
"StablePrompt-RAE","GFB_QA","FORMAL_LOGIC","3.0","30.0","5.25","71zamxu4","StablePrompt-PPO(cs=0)","True"
"StablePrompt-RAE","GFB_QA","GLOBAL_FACTS","3.0","30.0","3.87","g358ew10","StablePrompt-PPO(cs=0)","True"
"StablePrompt-RAE","GFB_QA","HIGH_SCHOOL_BIOLOGY","3.0","30.0","5.78","l0j2lhko","StablePrompt-PPO(cs=0)","True"
"StablePrompt-RAE","GFB_QA","HIGH_SCHOOL_CHEMISTRY","3.0","30.0","5.22","bopqjpvu","StablePrompt-PPO(cs=0)","True"
"StablePrompt-RAE","GFB_QA","HIGH_SCHOOL_COMPUTER_SCIENCE","3.0","30.0","5.08","fqwzscpw","StablePrompt-PPO(cs=0)","True"
"StablePrompt-RAE","GFB_QA","HIGH_SCHOOL_EUROPEAN_HISTORY","3.0","30.0","8.03","ly5lrrrj","StablePrompt-PPO(cs=0)","True"
"StablePrompt-RAE","GFB_QA","HIGH_SCHOOL_GEOGRAPHY","3.0","30.0","4.78","obg10eqt","StablePrompt-PPO(cs=0)","True"
"StablePrompt-RAE","GFB_QA","HIGH_SCHOOL_GOVERNMENT_AND_POLITICS","3.0","30.0","5.03","42xi41ci","StablePrompt-PPO(cs=0)","True"
"StablePrompt-RAE","GFB_QA","HIGH_SCHOOL_MACROECONOMICS","3.0","30.0","6.03","9mnxy9vt","StablePrompt-PPO(cs=0)","True"
"StablePrompt-RAE","GFB_QA","HIGH_SCHOOL_MATHEMATICS","3.0","30.0","5.23","pacia9fw","StablePrompt-PPO(cs=0)","True"
"StablePrompt-RAE","GFB_QA","HIGH_SCHOOL_MICROECONOMICS","3.0","30.0","5.32","2mir5t9s","StablePrompt-PPO(cs=0)","True"
"StablePrompt-RAE","GFB_QA","HIGH_SCHOOL_PHYSICS","3.0","30.0","5.08","oixu6l8n","StablePrompt-PPO(cs=0)","True"
"StablePrompt-RAE","GFB_QA","HIGH_SCHOOL_PSYCHOLOGY","3.0","30.0","7.18","ugantwyc","StablePrompt-PPO(cs=0)","True"
"StablePrompt-RAE","GFB_QA","HIGH_SCHOOL_STATISTICS","3.0","30.0","5.8","ls6ydzpu","StablePrompt-PPO(cs=0)","True"
"StablePrompt-RAE","GFB_QA","HIGH_SCHOOL_US_HISTORY","3.0","30.0","7.83","nshjh1em","StablePrompt-PPO(cs=0)","True"
"StablePrompt-RAE","GFB_QA","HIGH_SCHOOL_WORLD_HISTORY","3.0","30.0","8.5","tfal0gjv","StablePrompt-PPO(cs=0)","True"
"StablePrompt-RAE","GFB_QA","HUMAN_AGING","3.0","30.0","4.85","2t2nz97a","StablePrompt-PPO(cs=0)","True"
"StablePrompt-RAE","GFB_QA","HUMAN_SEXUALITY","3.0","30.0","4.47","3y4410q3","StablePrompt-PPO(cs=0)","True"
"StablePrompt-RAE","GFB_QA","INTERNATIONAL_LAW","3.0","30.0","5.02","6awan0ev","StablePrompt-PPO(cs=0)","True"
"StablePrompt-RAE","GFB_QA","JURISPRUDENCE","3.0","30.0","4.55","wdizskai","StablePrompt-PPO(cs=0)","True"
"StablePrompt-RAE","GFB_QA","LOGICAL_FALLACIES","3.0","30.0","4.98","0nz326f3","StablePrompt-PPO(cs=0)","True"
"StablePrompt-RAE","GFB_QA","MACHINE_LEARNING","3.0","30.0","4.8","2axc9o32","StablePrompt-PPO(cs=0)","True"
"StablePrompt-RAE","GFB_QA","MANAGEMENT","3.0","30.0","4.07","svbeitov","StablePrompt-PPO(cs=0)","True"
"StablePrompt-RAE","GFB_QA","MARKETING","3.0","30.0","5.1","lhw35t69","StablePrompt-PPO(cs=0)","True"
"StablePrompt-RAE","GFB_QA","MEDICAL_GENETICS","3.0","30.0","4.35","j8329onv","StablePrompt-PPO(cs=0)","True"
"StablePrompt-RAE","GFB_QA","MISCELLANEOUS","3.0","30.0","7.35","s0hj16kh","StablePrompt-PPO(cs=0)","True"
"StablePrompt-RAE","GFB_QA","MORAL_DISPUTES","3.0","30.0","5.92","grazfhwe","StablePrompt-PPO(cs=0)","True"
"StablePrompt-RAE","GFB_QA","MORAL_SCENARIOS","3.0","30.0","9.67","dm7wugct","StablePrompt-PPO(cs=0)","True"
"StablePrompt-RAE","GFB_QA","NUTRITION","3.0","30.0","5.77","xq1jij1l","StablePrompt-PPO(cs=0)","True"
"StablePrompt-RAE","GFB_QA","PHILOSOPHY","3.0","30.0","5.23","yvg9z6oy","StablePrompt-PPO(cs=0)","True"
"StablePrompt-RAE","GFB_QA","PREHISTORY","3.0","30.0","5.92","iqe8bpc6","StablePrompt-PPO(cs=0)","True"
"StablePrompt-RAE","GFB_QA","PROFESSIONAL_ACCOUNTING","3.0","30.0","6.07","m32qh35f","StablePrompt-PPO(cs=0)","True"
"StablePrompt-RAE","GFB_QA","PROFESSIONAL_LAW","3.0","30.0","21.2","qy4c8yur","StablePrompt-PPO(cs=0)","True"
"StablePrompt-RAE","GFB_QA","PROFESSIONAL_MEDICINE","3.0","30.0","7.07","2my8raxg","StablePrompt-PPO(cs=0)","True"
"StablePrompt-RAE","GFB_QA","PROFESSIONAL_PSYCHOLOGY","3.0","30.0","8.07","qlszdzub","StablePrompt-PPO(cs=0)","True"
"StablePrompt-RAE","GFB_QA","PUBLIC_RELATIONS","3.0","30.0","4.7","wkw1sozi","StablePrompt-PPO(cs=0)","True"
"StablePrompt-RAE","GFB_QA","SECURITY_STUDIES","3.0","30.0","6.67","3i01wx3q","StablePrompt-PPO(cs=0)","True"
"StablePrompt-RAE","GFB_QA","SOCIOLOGY","3.0","30.0","5.22","r9bb3dyg","StablePrompt-PPO(cs=0)","True"
"StablePrompt-RAE","GFB_QA","US_FOREIGN_POLICY","3.0","30.0","4.4","iuxojig6","StablePrompt-PPO(cs=0)","True"
"StablePrompt-RAE","GFB_QA","VIROLOGY","3.0","30.0","4.92","nl8t83nw","StablePrompt-PPO(cs=0)","True"
"StablePrompt-RAE","GFB_QA","WORLD_RELIGIONS","3.0","30.0","4.5","0hn0g0qw","StablePrompt-PPO(cs=0)","True"
"StablePrompt-RAE","GFB_QA","ABSTRACT_ALGEBRA","42.0","30.0","4.27","vt9nbbf3","StablePrompt-PPO(cs=0.1)","True"
"StablePrompt-RAE","GFB_QA","ANATOMY","42.0","30.0","4.62","wp7qa3zq","StablePrompt-PPO(cs=0.1)","True"
"StablePrompt-RAE","GFB_QA","ASTRONOMY","42.0","30.0","4.95","x8iokfag","StablePrompt-PPO(cs=0.1)","True"
"StablePrompt-RAE","GFB_QA","BUSINESS_ETHICS","42.0","30.0","4.57","twsag6lw","StablePrompt-PPO(cs=0.1)","True"
"StablePrompt-RAE","GFB_QA","CLINICAL_KNOWLEDGE","42.0","30.0","5.3","y7vfr46f","StablePrompt-PPO(cs=0.1)","True"
"StablePrompt-RAE","GFB_QA","COLLEGE_BIOLOGY","42.0","30.0","4.72","f3cggt8f","StablePrompt-PPO(cs=0.1)","True"
"StablePrompt-RAE","GFB_QA","COLLEGE_CHEMISTRY","42.0","30.0","4.53","cbcknnii","StablePrompt-PPO(cs=0.1)","True"
"StablePrompt-RAE","GFB_QA","COLLEGE_COMPUTER_SCIENCE","42.0","30.0","5","9zxz5g68","StablePrompt-PPO(cs=0.1)","True"
"StablePrompt-RAE","GFB_QA","COLLEGE_MATHEMATICS","42.0","30.0","4.45","r1yvxc80","StablePrompt-PPO(cs=0.1)","True"
"StablePrompt-RAE","GFB_QA","COLLEGE_MEDICINE","42.0","30.0","5.37","1tyhq9ui","StablePrompt-PPO(cs=0.1)","True"
"StablePrompt-RAE","GFB_QA","COLLEGE_PHYSICS","42.0","30.0","4.62","7donr661","StablePrompt-PPO(cs=0.1)","True"
"StablePrompt-RAE","GFB_QA","COMPUTER_SECURITY","42.0","30.0","4.77","w966d1do","StablePrompt-PPO(cs=0.1)","True"
"StablePrompt-RAE","GFB_QA","CONCEPTUAL_PHYSICS","42.0","30.0","4.9","o9xh76z5","StablePrompt-PPO(cs=0.1)","True"
"StablePrompt-RAE","GFB_QA","ECONOMETRICS","42.0","30.0","4.98","vhe7hmv7","StablePrompt-PPO(cs=0.1)","True"
"StablePrompt-RAE","GFB_QA","ELECTRICAL_ENGINEERING","42.0","30.0","4.4","am2ih621","StablePrompt-PPO(cs=0.1)","True"
"StablePrompt-RAE","GFB_QA","ELEMENTARY_MATHEMATICS","42.0","30.0","5.85","k40yao8o","StablePrompt-PPO(cs=0.1)","True"
"StablePrompt-RAE","GFB_QA","FORMAL_LOGIC","42.0","30.0","5.17","5xrderxx","StablePrompt-PPO(cs=0.1)","True"
"StablePrompt-RAE","GFB_QA","GLOBAL_FACTS","42.0","30.0","4.08","x5fn1uxn","StablePrompt-PPO(cs=0.1)","True"
"StablePrompt-RAE","GFB_QA","HIGH_SCHOOL_BIOLOGY","42.0","30.0","5.72","vsj1iphm","StablePrompt-PPO(cs=0.1)","True"
"StablePrompt-RAE","GFB_QA","HIGH_SCHOOL_CHEMISTRY","42.0","30.0","5.52","1nkwbmd9","StablePrompt-PPO(cs=0.1)","True"
"StablePrompt-RAE","GFB_QA","HIGH_SCHOOL_COMPUTER_SCIENCE","42.0","30.0","5.17","iq3mt02n","StablePrompt-PPO(cs=0.1)","True"
"StablePrompt-RAE","GFB_QA","HIGH_SCHOOL_EUROPEAN_HISTORY","42.0","30.0","8.15","zflqsm62","StablePrompt-PPO(cs=0.1)","True"
"StablePrompt-RAE","GFB_QA","HIGH_SCHOOL_GEOGRAPHY","42.0","30.0","4.68","hdplp1he","StablePrompt-PPO(cs=0.1)","True"
"StablePrompt-RAE","GFB_QA","HIGH_SCHOOL_GOVERNMENT_AND_POLITICS","42.0","30.0","4.88","1t6govv9","StablePrompt-PPO(cs=0.1)","True"
"StablePrompt-RAE","GFB_QA","HIGH_SCHOOL_MACROECONOMICS","42.0","30.0","6.02","hzdoupof","StablePrompt-PPO(cs=0.1)","True"
"StablePrompt-RAE","GFB_QA","HIGH_SCHOOL_MATHEMATICS","42.0","30.0","5.28","wd8b38q3","StablePrompt-PPO(cs=0.1)","True"
"StablePrompt-RAE","GFB_QA","HIGH_SCHOOL_MICROECONOMICS","42.0","30.0","5.23","mwxe0xe9","StablePrompt-PPO(cs=0.1)","True"
"StablePrompt-RAE","GFB_QA","HIGH_SCHOOL_PHYSICS","42.0","30.0","5.02","plzryr1x","StablePrompt-PPO(cs=0.1)","True"
"StablePrompt-RAE","GFB_QA","HIGH_SCHOOL_PSYCHOLOGY","42.0","30.0","7.12","k9ojo74h","StablePrompt-PPO(cs=0.1)","True"
"StablePrompt-RAE","GFB_QA","HIGH_SCHOOL_STATISTICS","42.0","30.0","5.8","d6w770ck","StablePrompt-PPO(cs=0.1)","True"
"StablePrompt-RAE","GFB_QA","HIGH_SCHOOL_US_HISTORY","42.0","30.0","7.92","29vowlro","StablePrompt-PPO(cs=0.1)","True"
"StablePrompt-RAE","GFB_QA","HIGH_SCHOOL_WORLD_HISTORY","42.0","30.0","8.33","6742xuov","StablePrompt-PPO(cs=0.1)","True"
"StablePrompt-RAE","GFB_QA","HUMAN_AGING","42.0","30.0","4.83","5a1e8s3l","StablePrompt-PPO(cs=0.1)","True"
"StablePrompt-RAE","GFB_QA","HUMAN_SEXUALITY","42.0","30.0","4.48","shqyh44r","StablePrompt-PPO(cs=0.1)","True"
"StablePrompt-RAE","GFB_QA","INTERNATIONAL_LAW","42.0","30.0","4.87","32qtllxy","StablePrompt-PPO(cs=0.1)","True"
"StablePrompt-RAE","GFB_QA","JURISPRUDENCE","42.0","30.0","4.65","w21h4c3o","StablePrompt-PPO(cs=0.1)","True"
"StablePrompt-RAE","GFB_QA","LOGICAL_FALLACIES","42.0","30.0","4.98","njl063l5","StablePrompt-PPO(cs=0.1)","True"
"StablePrompt-RAE","GFB_QA","MACHINE_LEARNING","42.0","30.0","4.8","1kqdu0k5","StablePrompt-PPO(cs=0.1)","True"
"StablePrompt-RAE","GFB_QA","MANAGEMENT","42.0","30.0","4","ydw3i174","StablePrompt-PPO(cs=0.1)","True"
"StablePrompt-RAE","GFB_QA","MARKETING","42.0","30.0","4.98","p16qdbwm","StablePrompt-PPO(cs=0.1)","True"
"StablePrompt-RAE","GFB_QA","MEDICAL_GENETICS","42.0","30.0","4.45","xfl9n69v","StablePrompt-PPO(cs=0.1)","True"
"StablePrompt-RAE","GFB_QA","MISCELLANEOUS","42.0","30.0","7.87","ku2gcbxq","StablePrompt-PPO(cs=0.1)","True"
"StablePrompt-RAE","GFB_QA","MORAL_DISPUTES","42.0","30.0","6.18","e6jho9uh","StablePrompt-PPO(cs=0.1)","True"
"StablePrompt-RAE","GFB_QA","MORAL_SCENARIOS","42.0","30.0","9.8","fqd9t1o8","StablePrompt-PPO(cs=0.1)","True"
"StablePrompt-RAE","GFB_QA","NUTRITION","42.0","30.0","5.68","rkuoe0t0","StablePrompt-PPO(cs=0.1)","True"
"StablePrompt-RAE","GFB_QA","PHILOSOPHY","42.0","30.0","5.5","doe15pfm","StablePrompt-PPO(cs=0.1)","True"
"StablePrompt-RAE","GFB_QA","PREHISTORY","42.0","30.0","5.95","wfxt4htr","StablePrompt-PPO(cs=0.1)","True"
"StablePrompt-RAE","GFB_QA","PROFESSIONAL_ACCOUNTING","42.0","30.0","6.07","n7cxokpv","StablePrompt-PPO(cs=0.1)","True"
"StablePrompt-RAE","GFB_QA","PROFESSIONAL_LAW","42.0","30.0","21.12","02be9idn","StablePrompt-PPO(cs=0.1)","True"
"StablePrompt-RAE","GFB_QA","PROFESSIONAL_MEDICINE","42.0","30.0","7.17","fvh5ydb0","StablePrompt-PPO(cs=0.1)","True"
"StablePrompt-RAE","GFB_QA","PROFESSIONAL_PSYCHOLOGY","42.0","30.0","7.85","2jwqsxb8","StablePrompt-PPO(cs=0.1)","True"
"StablePrompt-RAE","GFB_QA","PUBLIC_RELATIONS","42.0","30.0","4.35","h5m0wflx","StablePrompt-PPO(cs=0.1)","True"
"StablePrompt-RAE","GFB_QA","SECURITY_STUDIES","42.0","30.0","6.77","0k50hime","StablePrompt-PPO(cs=0.1)","True"
"StablePrompt-RAE","GFB_QA","SOCIOLOGY","42.0","30.0","5.1","yqoya5eb","StablePrompt-PPO(cs=0.1)","True"
"StablePrompt-RAE","GFB_QA","US_FOREIGN_POLICY","42.0","30.0","4.55","3wbx3fva","StablePrompt-PPO(cs=0.1)","True"
"StablePrompt-RAE","GFB_QA","VIROLOGY","42.0","30.0","4.95","xjsro70q","StablePrompt-PPO(cs=0.1)","True"
"StablePrompt-RAE","GFB_QA","WORLD_RELIGIONS","42.0","30.0","4.42","odp4k245","StablePrompt-PPO(cs=0.1)","True"
"StablePrompt-RAE","GFB_QA","ABSTRACT_ALGEBRA","42.0","30.0","2.43","4cumdblz","StablePrompt-PPO(cs=0.05)","True"
"StablePrompt-RAE","GFB_QA","ANATOMY","42.0","30.0","2.62","3z3v5bbz","StablePrompt-PPO(cs=0.05)","True"
"StablePrompt-RAE","GFB_QA","ASTRONOMY","42.0","30.0","2.7","s52hrvwn","StablePrompt-PPO(cs=0.05)","True"
"StablePrompt-RAE","GFB_QA","BUSINESS_ETHICS","42.0","30.0","2.62","7ewzj49u","StablePrompt-PPO(cs=0.05)","True"
"StablePrompt-RAE","GFB_QA","CLINICAL_KNOWLEDGE","42.0","30.0","2.97","lbta79z1","StablePrompt-PPO(cs=0.05)","True"
"StablePrompt-RAE","GFB_QA","COLLEGE_BIOLOGY","42.0","30.0","2.67","prnl0ks6","StablePrompt-PPO(cs=0.05)","True"
"StablePrompt-RAE","GFB_QA","COLLEGE_CHEMISTRY","42.0","30.0","2.5","wqeu1d4t","StablePrompt-PPO(cs=0.05)","True"
"StablePrompt-RAE","GFB_QA","COLLEGE_COMPUTER_SCIENCE","42.0","30.0","2.7","h66c9ykf","StablePrompt-PPO(cs=0.05)","True"
"StablePrompt-RAE","GFB_QA","COLLEGE_MATHEMATICS","42.0","30.0","2.47","pcx4lroi","StablePrompt-PPO(cs=0.05)","True"
"StablePrompt-RAE","GFB_QA","COLLEGE_MEDICINE","42.0","30.0","2.97","o5q62s4c","StablePrompt-PPO(cs=0.05)","True"
"StablePrompt-RAE","GFB_QA","COLLEGE_PHYSICS","42.0","30.0","2.57","xqnwi320","StablePrompt-PPO(cs=0.05)","True"
"StablePrompt-RAE","GFB_QA","COMPUTER_SECURITY","42.0","30.0","2.63","ifkvdk72","StablePrompt-PPO(cs=0.05)","True"
"StablePrompt-RAE","GFB_QA","CONCEPTUAL_PHYSICS","42.0","30.0","2.72","ol2362pg","StablePrompt-PPO(cs=0.05)","True"
"StablePrompt-RAE","GFB_QA","ECONOMETRICS","42.0","30.0","2.77","e5uj81x8","StablePrompt-PPO(cs=0.05)","True"
"StablePrompt-RAE","GFB_QA","ELECTRICAL_ENGINEERING","42.0","30.0","2.53","3od5x7ru","StablePrompt-PPO(cs=0.05)","True"
"StablePrompt-RAE","GFB_QA","ELEMENTARY_MATHEMATICS","42.0","30.0","3.25","nwpj1qr8","StablePrompt-PPO(cs=0.05)","True"
"StablePrompt-RAE","GFB_QA","FORMAL_LOGIC","42.0","30.0","2.85","hojyspqu","StablePrompt-PPO(cs=0.05)","True"
"StablePrompt-RAE","GFB_QA","GLOBAL_FACTS","42.0","30.0","2.27","wfamxv8t","StablePrompt-PPO(cs=0.05)","True"
"StablePrompt-RAE","GFB_QA","HIGH_SCHOOL_BIOLOGY","42.0","30.0","3.08","xu75aubo","StablePrompt-PPO(cs=0.05)","True"
"StablePrompt-RAE","GFB_QA","HIGH_SCHOOL_CHEMISTRY","42.0","30.0","2.95","8osr4k3g","StablePrompt-PPO(cs=0.05)","True"
"StablePrompt-RAE","GFB_QA","HIGH_SCHOOL_COMPUTER_SCIENCE","42.0","30.0","2.82","yteqgrnm","StablePrompt-PPO(cs=0.05)","True"
"StablePrompt-RAE","GFB_QA","HIGH_SCHOOL_EUROPEAN_HISTORY","42.0","30.0","4.03","l4x8a9ly","StablePrompt-PPO(cs=0.05)","True"
"StablePrompt-RAE","GFB_QA","HIGH_SCHOOL_GEOGRAPHY","42.0","30.0","2.87","9leqsd0o","StablePrompt-PPO(cs=0.05)","True"
"StablePrompt-RAE","GFB_QA","HIGH_SCHOOL_GOVERNMENT_AND_POLITICS","42.0","30.0","2.78","4m8402pd","StablePrompt-PPO(cs=0.05)","True"
"StablePrompt-RAE","GFB_QA","HIGH_SCHOOL_MACROECONOMICS","42.0","30.0","3.3","jfk2bc95","StablePrompt-PPO(cs=0.05)","True"
"StablePrompt-RAE","GFB_QA","HIGH_SCHOOL_MATHEMATICS","42.0","30.0","2.78","djvobl20","StablePrompt-PPO(cs=0.05)","True"
"StablePrompt-RAE","GFB_QA","HIGH_SCHOOL_MICROECONOMICS","42.0","30.0","2.88","cm0o2dmo","StablePrompt-PPO(cs=0.05)","True"
"StablePrompt-RAE","GFB_QA","HIGH_SCHOOL_PHYSICS","42.0","30.0","2.67","hg1js7cx","StablePrompt-PPO(cs=0.05)","True"
"StablePrompt-RAE","GFB_QA","HIGH_SCHOOL_PSYCHOLOGY","42.0","30.0","3.77","kfyl3spu","StablePrompt-PPO(cs=0.05)","True"
"StablePrompt-RAE","GFB_QA","HIGH_SCHOOL_STATISTICS","42.0","30.0","3.2","my0xsjq4","StablePrompt-PPO(cs=0.05)","True"
"StablePrompt-RAE","GFB_QA","HIGH_SCHOOL_US_HISTORY","42.0","30.0","4.03","raclwvfl","StablePrompt-PPO(cs=0.05)","True"
"StablePrompt-RAE","GFB_QA","HIGH_SCHOOL_WORLD_HISTORY","42.0","30.0","4.23","zhelgklr","StablePrompt-PPO(cs=0.05)","True"
"StablePrompt-RAE","GFB_QA","HUMAN_AGING","42.0","30.0","2.77","27m3q55m","StablePrompt-PPO(cs=0.05)","True"
"StablePrompt-RAE","GFB_QA","HUMAN_SEXUALITY","42.0","30.0","2.58","lifem683","StablePrompt-PPO(cs=0.05)","True"
"StablePrompt-RAE","GFB_QA","INTERNATIONAL_LAW","42.0","30.0","2.75","8wbroe8g","StablePrompt-PPO(cs=0.05)","True"
"StablePrompt-RAE","GFB_QA","JURISPRUDENCE","42.0","30.0","2.68","2w2g38ng","StablePrompt-PPO(cs=0.05)","True"
"StablePrompt-RAE","GFB_QA","LOGICAL_FALLACIES","42.0","30.0","2.78","grmj7js5","StablePrompt-PPO(cs=0.05)","True"
"StablePrompt-RAE","GFB_QA","MACHINE_LEARNING","42.0","30.0","2.72","z1ire4ty","StablePrompt-PPO(cs=0.05)","True"
"StablePrompt-RAE","GFB_QA","MANAGEMENT","42.0","30.0","2.4","ig31xi2o","StablePrompt-PPO(cs=0.05)","True"
"StablePrompt-RAE","GFB_QA","MARKETING","42.0","30.0","2.78","fk0ep4ps","StablePrompt-PPO(cs=0.05)","True"
"StablePrompt-RAE","GFB_QA","MEDICAL_GENETICS","42.0","30.0","2.55","ifbq8ipn","StablePrompt-PPO(cs=0.05)","True"
"StablePrompt-RAE","GFB_QA","MISCELLANEOUS","42.0","30.0","3.78","zqxg5r5b","StablePrompt-PPO(cs=0.05)","True"
"StablePrompt-RAE","GFB_QA","MORAL_DISPUTES","42.0","30.0","3.2","4yngdo97","StablePrompt-PPO(cs=0.05)","True"
"StablePrompt-RAE","GFB_QA","MORAL_SCENARIOS","42.0","30.0","6.28","jx3fnfmt","StablePrompt-PPO(cs=0.05)","True"
"StablePrompt-RAE","GFB_QA","NUTRITION","42.0","30.0","3.37","uuas2h4z","StablePrompt-PPO(cs=0.05)","True"
"StablePrompt-RAE","GFB_QA","PHILOSOPHY","42.0","30.0","2.9","70ldwvn4","StablePrompt-PPO(cs=0.05)","True"
"StablePrompt-RAE","GFB_QA","PREHISTORY","42.0","30.0","6.62","awb0ncsp","StablePrompt-PPO(cs=0.05)","True"
"StablePrompt-RAE","GFB_QA","PROFESSIONAL_ACCOUNTING","42.0","30.0","3.35","kyf7x3w1","StablePrompt-PPO(cs=0.05)","True"
"StablePrompt-RAE","GFB_QA","PROFESSIONAL_LAW","42.0","30.0","10","z9p51fgg","StablePrompt-PPO(cs=0.05)","True"
"StablePrompt-RAE","GFB_QA","PROFESSIONAL_MEDICINE","42.0","30.0","3.6","2vg0uwv3","StablePrompt-PPO(cs=0.05)","True"
"StablePrompt-RAE","GFB_QA","PROFESSIONAL_PSYCHOLOGY","42.0","30.0","4.02","ntg66huc","StablePrompt-PPO(cs=0.05)","True"
"StablePrompt-RAE","GFB_QA","PUBLIC_RELATIONS","42.0","30.0","2.55","g9r9hl2l","StablePrompt-PPO(cs=0.05)","True"
"StablePrompt-RAE","GFB_QA","SECURITY_STUDIES","42.0","30.0","3.42","06v0qgdz","StablePrompt-PPO(cs=0.05)","True"
"StablePrompt-RAE","GFB_QA","SOCIOLOGY","42.0","30.0","2.82","x8vog3vl","StablePrompt-PPO(cs=0.05)","True"
"StablePrompt-RAE","GFB_QA","US_FOREIGN_POLICY","42.0","30.0","2.62","uuiouyig","StablePrompt-PPO(cs=0.05)","True"
"StablePrompt-RAE","GFB_QA","VIROLOGY","42.0","30.0","2.72","5ckjflzo","StablePrompt-PPO(cs=0.05)","True"
"StablePrompt-RAE","GFB_QA","WORLD_RELIGIONS","42.0","30.0","2.57","7ergfgmt","StablePrompt-PPO(cs=0.05)","True"
"StablePrompt-RAE","GFB_QA","ABSTRACT_ALGEBRA","42.0","30.0","4.1","wzpg5dqm","StablePrompt-PPO(cs=0.05)","True"
"StablePrompt-RAE","GFB_QA","ANATOMY","42.0","30.0","4.38","xak3hkdf","StablePrompt-PPO(cs=0.05)","True"
"StablePrompt-RAE","GFB_QA","ASTRONOMY","42.0","30.0","4.38","e4bh0d1k","StablePrompt-PPO(cs=0.05)","True"
"StablePrompt-RAE","GFB_QA","BUSINESS_ETHICS","42.0","30.0","4.48","uq14l3v3","StablePrompt-PPO(cs=0.05)","True"
"StablePrompt-RAE","GFB_QA","CLINICAL_KNOWLEDGE","42.0","30.0","4.68","eqaql33y","StablePrompt-PPO(cs=0.05)","True"
"StablePrompt-RAE","GFB_QA","COLLEGE_BIOLOGY","42.0","30.0","4.47","t3rqjjam","StablePrompt-PPO(cs=0.05)","True"
"StablePrompt-RAE","GFB_QA","COLLEGE_CHEMISTRY","42.0","30.0","4.33","pgruja29","StablePrompt-PPO(cs=0.05)","True"
"StablePrompt-RAE","GFB_QA","COLLEGE_COMPUTER_SCIENCE","42.0","30.0","4.53","kl1pxtyp","StablePrompt-PPO(cs=0.05)","True"
"StablePrompt-RAE","GFB_QA","COLLEGE_MATHEMATICS","42.0","30.0","4.1","p2fe8jrj","StablePrompt-PPO(cs=0.05)","True"
"StablePrompt-RAE","GFB_QA","COLLEGE_MEDICINE","42.0","30.0","4.83","19a79vzc","StablePrompt-PPO(cs=0.05)","True"
"StablePrompt-RAE","GFB_QA","COLLEGE_PHYSICS","42.0","30.0","4.37","apihzcat","StablePrompt-PPO(cs=0.05)","True"
"StablePrompt-RAE","GFB_QA","COMPUTER_SECURITY","42.0","30.0","4.47","lk3ws1yk","StablePrompt-PPO(cs=0.05)","True"
"StablePrompt-RAE","GFB_QA","CONCEPTUAL_PHYSICS","42.0","30.0","4.6","9u9vpfru","StablePrompt-PPO(cs=0.05)","True"
"StablePrompt-RAE","GFB_QA","ECONOMETRICS","42.0","30.0","4.58","u5jsbxgv","StablePrompt-PPO(cs=0.05)","True"
"StablePrompt-RAE","GFB_QA","ELECTRICAL_ENGINEERING","42.0","30.0","4.17","llek5g3n","StablePrompt-PPO(cs=0.05)","True"
"StablePrompt-RAE","GFB_QA","ELEMENTARY_MATHEMATICS","42.0","30.0","5.22","fbywlvh0","StablePrompt-PPO(cs=0.05)","True"
"StablePrompt-RAE","GFB_QA","FORMAL_LOGIC","42.0","30.0","4.87","1wgg4tfl","StablePrompt-PPO(cs=0.05)","True"
"StablePrompt-RAE","GFB_QA","GLOBAL_FACTS","42.0","30.0","3.78","rk5chv5d","StablePrompt-PPO(cs=0.05)","True"
"StablePrompt-RAE","GFB_QA","HIGH_SCHOOL_BIOLOGY","42.0","30.0","4.87","vqaaugu5","StablePrompt-PPO(cs=0.05)","True"
"StablePrompt-RAE","GFB_QA","HIGH_SCHOOL_CHEMISTRY","42.0","30.0","4.75","6w1rrbw7","StablePrompt-PPO(cs=0.05)","True"
"StablePrompt-RAE","GFB_QA","HIGH_SCHOOL_COMPUTER_SCIENCE","42.0","30.0","4.57","rs1qx9t5","StablePrompt-PPO(cs=0.05)","True"
"StablePrompt-RAE","GFB_QA","HIGH_SCHOOL_EUROPEAN_HISTORY","42.0","30.0","6.18","pp436vyo","StablePrompt-PPO(cs=0.05)","True"
"StablePrompt-RAE","GFB_QA","HIGH_SCHOOL_GEOGRAPHY","42.0","30.0","4.28","2xdmudfo","StablePrompt-PPO(cs=0.05)","True"
"StablePrompt-RAE","GFB_QA","HIGH_SCHOOL_GOVERNMENT_AND_POLITICS","42.0","30.0","4.53","dbmawt30","StablePrompt-PPO(cs=0.05)","True"
"StablePrompt-RAE","GFB_QA","HIGH_SCHOOL_MACROECONOMICS","42.0","30.0","4.98","wzu2lfcf","StablePrompt-PPO(cs=0.05)","True"
"StablePrompt-RAE","GFB_QA","HIGH_SCHOOL_MATHEMATICS","42.0","30.0","4.38","04m7hr6i","StablePrompt-PPO(cs=0.05)","True"
"StablePrompt-RAE","GFB_QA","HIGH_SCHOOL_MICROECONOMICS","42.0","30.0","4.63","5ghndbna","StablePrompt-PPO(cs=0.05)","True"
"StablePrompt-RAE","GFB_QA","HIGH_SCHOOL_PHYSICS","42.0","30.0","4.57","jyb5otpz","StablePrompt-PPO(cs=0.05)","True"
"StablePrompt-RAE","GFB_QA","HIGH_SCHOOL_PSYCHOLOGY","42.0","30.0","5.45","lk916cun","StablePrompt-PPO(cs=0.05)","True"
"StablePrompt-RAE","GFB_QA","HIGH_SCHOOL_STATISTICS","42.0","30.0","4.98","avqb5808","StablePrompt-PPO(cs=0.05)","True"
"StablePrompt-RAE","GFB_QA","HIGH_SCHOOL_US_HISTORY","42.0","30.0","5.92","xs0s75n3","StablePrompt-PPO(cs=0.05)","True"
"StablePrompt-RAE","GFB_QA","HIGH_SCHOOL_WORLD_HISTORY","42.0","30.0","6.53","si1vokbf","StablePrompt-PPO(cs=0.05)","True"
"StablePrompt-RAE","GFB_QA","HUMAN_AGING","42.0","30.0","4.52","xpei6wiy","StablePrompt-PPO(cs=0.05)","True"
"StablePrompt-RAE","GFB_QA","HUMAN_SEXUALITY","42.0","30.0","4.32","5sxnhs63","StablePrompt-PPO(cs=0.05)","True"
"StablePrompt-RAE","GFB_QA","INTERNATIONAL_LAW","42.0","30.0","4.65","1udx20nl","StablePrompt-PPO(cs=0.05)","True"
"StablePrompt-RAE","GFB_QA","JURISPRUDENCE","42.0","30.0","4.35","8fmndmr9","StablePrompt-PPO(cs=0.05)","True"
"StablePrompt-RAE","GFB_QA","LOGICAL_FALLACIES","42.0","30.0","4.58","8apg1rni","StablePrompt-PPO(cs=0.05)","True"
"StablePrompt-RAE","GFB_QA","MACHINE_LEARNING","42.0","30.0","4.7","dwh50px2","StablePrompt-PPO(cs=0.05)","True"
"StablePrompt-RAE","GFB_QA","MANAGEMENT","42.0","30.0","4.02","zwtskuw5","StablePrompt-PPO(cs=0.05)","True"
"StablePrompt-RAE","GFB_QA","MARKETING","42.0","30.0","4.47","lxbcv9cx","StablePrompt-PPO(cs=0.05)","True"
"StablePrompt-RAE","GFB_QA","MEDICAL_GENETICS","42.0","30.0","4.28","skpxcua3","StablePrompt-PPO(cs=0.05)","True"
"StablePrompt-RAE","GFB_QA","MISCELLANEOUS","42.0","30.0","5.43","b77v1trh","StablePrompt-PPO(cs=0.05)","True"
"StablePrompt-RAE","GFB_QA","MORAL_DISPUTES","42.0","30.0","4.93","otmqvmjy","StablePrompt-PPO(cs=0.05)","True"
"StablePrompt-RAE","GFB_QA","MORAL_SCENARIOS","42.0","30.0","6.47","q1iu7zyc","StablePrompt-PPO(cs=0.05)","True"
"StablePrompt-RAE","GFB_QA","NUTRITION","42.0","30.0","4.78","r6posx0g","StablePrompt-PPO(cs=0.05)","True"
"StablePrompt-RAE","GFB_QA","PHILOSOPHY","42.0","30.0","4.78","lwn4g2a4","StablePrompt-PPO(cs=0.05)","True"
"StablePrompt-RAE","GFB_QA","PREHISTORY","42.0","30.0","5.12","uovf4si3","StablePrompt-PPO(cs=0.05)","True"
"StablePrompt-RAE","GFB_QA","PROFESSIONAL_ACCOUNTING","42.0","30.0","5.08","b6r5u812","StablePrompt-PPO(cs=0.05)","True"
"StablePrompt-RAE","GFB_QA","PROFESSIONAL_LAW","42.0","30.0","12","5mlqjfeb","StablePrompt-PPO(cs=0.05)","True"
"StablePrompt-RAE","GFB_QA","PROFESSIONAL_MEDICINE","42.0","30.0","5.78","z0ulo9mz","StablePrompt-PPO(cs=0.05)","True"
"StablePrompt-RAE","GFB_QA","PROFESSIONAL_PSYCHOLOGY","42.0","30.0","5.75","a046d94p","StablePrompt-PPO(cs=0.05)","True"
"StablePrompt-RAE","GFB_QA","PUBLIC_RELATIONS","42.0","30.0","4.25","dyc8pjw5","StablePrompt-PPO(cs=0.05)","True"
"StablePrompt-RAE","GFB_QA","SECURITY_STUDIES","42.0","30.0","5.27","m0bihpcb","StablePrompt-PPO(cs=0.05)","True"
"StablePrompt-RAE","GFB_QA","SOCIOLOGY","42.0","30.0","4.62","msgdq13r","StablePrompt-PPO(cs=0.05)","True"
"StablePrompt-RAE","GFB_QA","US_FOREIGN_POLICY","42.0","30.0","4.3","hrpvaflk","StablePrompt-PPO(cs=0.05)","True"
"StablePrompt-RAE","GFB_QA","VIROLOGY","42.0","30.0","4.53","9vi9sulb","StablePrompt-PPO(cs=0.05)","True"
"StablePrompt-RAE","GFB_QA","WORLD_RELIGIONS","42.0","30.0","4.4","chrsmjg2","StablePrompt-PPO(cs=0.05)","True"
"StablePrompt-RAE","GFB_TC","SST2","42.0","100.0","32.72","r6d8qcje","StablePrompt-PPO(cs=0.1)","True"
"StablePrompt-RAE","GFB_TC","SST2","42.0","100.0","32.2","jbugnzc8","StablePrompt-PPO(cs=0.1)","True"
"StablePrompt-RAE","GFB_TC","MRPC","42.0","100.0","31.5","giznmfah","StablePrompt-PPO(cs=0.1)","True"
"StablePrompt-RAE","GFB_TC","RTE","42.0","100.0","38.28","q9bi1p48","StablePrompt-PPO(cs=0.1)","True"
"StablePrompt-RAE","GFB_TC","MNLI","42.0","100.0","95.07","3srihmlk","StablePrompt-PPO(cs=0.1)","True"
"StablePrompt-RAE","GFB_TC","QNLI","42.0","100.0","51.05","ow70ta82","StablePrompt-PPO(cs=0.1)","True"
"StablePrompt-RAE","GFB_TC","SNLI","42.0","100.0","89.38","0ed07hsf","StablePrompt-PPO(cs=0.1)","True"
"StablePrompt-RAE","GFB_TC","SST2","42.0","100.0","31.83","8cp0i36r","StablePrompt-PPO(cs=0)","True"
"StablePrompt-RAE","GFB_TC","SST2","42.0","100.0","31.75","yfxn6rcx","StablePrompt-PPO(cs=0)","True"
"StablePrompt-RAE","GFB_TC","MRPC","42.0","100.0","31.1","cu3s286o","StablePrompt-PPO(cs=0)","True"
"StablePrompt-RAE","GFB_TC","RTE","42.0","100.0","37.88","06jr9z5i","StablePrompt-PPO(cs=0)","True"
"StablePrompt-RAE","GFB_TC","MNLI","42.0","100.0","92.13","jsopwo9k","StablePrompt-PPO(cs=0)","True"
"StablePrompt-RAE","GFB_TC","QNLI","42.0","100.0","51.8","n72iimyi","StablePrompt-PPO(cs=0)","True"
"StablePrompt-RAE","GFB_TC","SNLI","42.0","100.0","85.93","wjq0ywiq","StablePrompt-PPO(cs=0)","True"
"StablePrompt-RAE","GFB_TC","SST2","3.0","100.0","31.9","92emydsq","StablePrompt-PPO(cs=0)","True"
"StablePrompt-RAE","GFB_TC","MRPC","3.0","100.0","31.03","0rp5kbqm","StablePrompt-PPO(cs=0)","True"
"StablePrompt-RAE","GFB_TC","RTE","3.0","100.0","37.17","khg3bqk8","StablePrompt-PPO(cs=0)","True"
"StablePrompt-RAE","GFB_TC","MNLI","3.0","100.0","91.73","pmniwyrq","StablePrompt-PPO(cs=0)","True"
"StablePrompt-RAE","GFB_TC","QNLI","3.0","100.0","56.98","oo5rdcty","StablePrompt-PPO(cs=0)","True"
"StablePrompt-RAE","GFB_TC","SNLI","3.0","100.0","91.62","uwujmxiz","StablePrompt-PPO(cs=0)","True"
"StablePrompt-RAE","GFB_TC","SST2","666.0","100.0","30.58","gb5a03z7","StablePrompt-PPO(cs=0)","True"
"StablePrompt-RAE","GFB_TC","MRPC","666.0","100.0","31.22","lu7cmpoj","StablePrompt-PPO(cs=0)","True"
"StablePrompt-RAE","GFB_TC","RTE","666.0","100.0","36.3","jl4j4rxk","StablePrompt-PPO(cs=0)","True"
"StablePrompt-RAE","GFB_TC","MNLI","666.0","100.0","98.93","o1f96h39","StablePrompt-PPO(cs=0)","True"
"StablePrompt-RAE","GFB_TC","QNLI","666.0","100.0","54.78","6p2l2nxh","StablePrompt-PPO(cs=0)","True"
"StablePrompt-RAE","GFB_TC","SNLI","666.0","100.0","93.32","xy9dlzm1","StablePrompt-PPO(cs=0)","True"
"StablePrompt-RAE","GFB_TC","SST2","666.0","100.0","31.03","ik1s0zys","StablePrompt-PPO(cs=0.1)","True"
"StablePrompt-RAE","GFB_TC","MRPC","666.0","100.0","31.35","5r8t3kpx","StablePrompt-PPO(cs=0.1)","True"
"StablePrompt-RAE","GFB_TC","RTE","666.0","100.0","36.7","igkngxjy","StablePrompt-PPO(cs=0.1)","True"
"StablePrompt-RAE","GFB_TC","MNLI","666.0","100.0","98.73","3hip65ye","StablePrompt-PPO(cs=0.1)","True"
"StablePrompt-RAE","GFB_TC","QNLI","666.0","100.0","54.63","v6c2ly9b","StablePrompt-PPO(cs=0.1)","True"
"StablePrompt-RAE","GFB_TC","SNLI","666.0","100.0","93","6nhg85b5","StablePrompt-PPO(cs=0.1)","True"
"StablePrompt-RAE","GFB_TC","SST2","3.0","100.0","18.83","8a1j1qz9","StablePrompt-PPO(cs=0.1)","True"
"StablePrompt-RAE","GFB_TC","MRPC","3.0","100.0","16.7","phr2rzfe","StablePrompt-PPO(cs=0.1)","True"
"StablePrompt-RAE","GFB_TC","RTE","3.0","100.0","19.68","vii6hjkr","StablePrompt-PPO(cs=0.1)","True"
"StablePrompt-RAE","GFB_TC","MNLI","3.0","100.0","46.57","bs06xgun","StablePrompt-PPO(cs=0.1)","True"
"StablePrompt-RAE","GFB_TC","QNLI","3.0","100.0","27.17","qyq4nfrs","StablePrompt-PPO(cs=0.1)","True"
"StablePrompt-RAE","GFB_TC","SNLI","3.0","100.0","44.3","urvwfep8","StablePrompt-PPO(cs=0.1)","True"
"StablePrompt-RAE","GFB_TC","SST2","3.0","100.0","18.18","x8vi5opn","StablePrompt-PPO(cs=0)","True"
"StablePrompt-RAE","GFB_TC","MRPC","3.0","100.0","16.9","xm5i8qzk","StablePrompt-PPO(cs=0)","True"
"StablePrompt-RAE","GFB_TC","RTE","3.0","100.0","19.52","g5vrsu5y","StablePrompt-PPO(cs=0)","True"
"StablePrompt-RAE","GFB_TC","MNLI","3.0","100.0","46.72","gvkvzlr6","StablePrompt-PPO(cs=0)","True"
"StablePrompt-RAE","GFB_TC","QNLI","3.0","100.0","27.28","u35qx1lw","StablePrompt-PPO(cs=0)","True"
"StablePrompt-RAE","GFB_TC","SNLI","3.0","100.0","44.5","vwn055o6","StablePrompt-PPO(cs=0)","True"
"StablePrompt-RAE","bbh_tg_algprompt","DYCK_LANGUAGES","","30.0","20.35","k0dwswtn","AlgPrompt","False"
"StablePrompt-RAE","bbh_tg_algprompt","GENDER_INCLUSIVE_SENTENCES_GERMAN","","30.0","19.1","pkjklb65","AlgPrompt","False"
"StablePrompt-RAE","bbh_tg_algprompt","OBJECT_COUNTING","","30.0","15.87","yclxwduc","AlgPrompt","False"
"StablePrompt-RAE","bbh_tg_algprompt","OPERATORS","","30.0","20.33","4arl5ybf","AlgPrompt","False"
"StablePrompt-RAE","bbh_tg_algprompt","TENSE","","30.0","18.27","u1kfax6h","AlgPrompt","False"
"StablePrompt-RAE","bbh_tg_algprompt","WORD_SORTING","","30.0","16.2","vdf2llvt","AlgPrompt","False"
"StablePrompt-RAE","BBH","DISAMBIGUATION_QA","","30.0","6.43","wfqbue3i","AlgPrompt","False"
"StablePrompt-RAE","BBH","EPISTEMIC_REASONING","","30.0","10.45","q42fifv2","AlgPrompt","False"
"StablePrompt-RAE","BBH","HYPERBATON","","30.0","108.57","i6hktb9t","AlgPrompt","False"
"StablePrompt-RAE","BBH","DISAMBIGUATION_QA","","30.0","6.47","0d7hkfvh","AlgPrompt","False"
"StablePrompt-RAE","BBH","EPISTEMIC_REASONING","","30.0","10.53","kmw3jk3n","AlgPrompt","False"
"StablePrompt-RAE","BBH","HYPERBATON","","30.0","104.45","isr7d8uw","AlgPrompt","False"
"StablePrompt-RAE","BBH","IMPLICATURES","","30.0","6.82","a2xg42sc","AlgPrompt","False"
"StablePrompt-RAE","BBH","LOGICAL_FALLACY_DETECTION","","30.0","11.87","q24ycgvc","AlgPrompt","False"
"StablePrompt-RAE","BBH","MOVIE_RECOMMENDATION","","30.0","7.47","qjc1ycwk","AlgPrompt","False"
"StablePrompt-RAE","BBH","NAVIGATE","","30.0","8","rf8cm0z9","AlgPrompt","False"
"StablePrompt-RAE","BBH","RUIN_NAMES","","30.0","6.62","ndx3izfd","AlgPrompt","False"
"StablePrompt-RAE","BBH","SNARKS","","30.0","6.37","bnu00qe0","AlgPrompt","False"
"StablePrompt-RAE","BBH","SPORTS_UNDERSTANDING","","30.0","7.8","2jgds0lx","AlgPrompt","False"
"StablePrompt-RAE","BBH","WINOWHY","","30.0","11.95","1h2jvi7q","AlgPrompt","False"
"StablePrompt-RAE","mmlu","ABSTRACT_ALGEBRA","","30.0","5.43","vyjkrrgm","AlgPrompt","False"
"StablePrompt-RAE","mmlu","ANATOMY","","30.0","6.22","l3kt3owb","AlgPrompt","False"
"StablePrompt-RAE","mmlu","ASTRONOMY","","30.0","6.72","opb2ryoe","AlgPrompt","False"
"StablePrompt-RAE","mmlu","BUSINESS_ETHICS","","30.0","5.6","l5ywecmk","AlgPrompt","False"
"StablePrompt-RAE","mmlu","CLINICAL_KNOWLEDGE","","30.0","8.63","s7z1ls5s","AlgPrompt","False"
"StablePrompt-RAE","mmlu","COLLEGE_BIOLOGY","","30.0","6.38","i7ko8kq3","AlgPrompt","False"
"StablePrompt-RAE","mmlu","COLLEGE_CHEMISTRY","","30.0","5.62","t2a4daw8","AlgPrompt","False"
"StablePrompt-RAE","mmlu","COLLEGE_COMPUTER_SCIENCE","","30.0","6.07","zfc7fxsg","AlgPrompt","False"
"StablePrompt-RAE","mmlu","COLLEGE_MATHEMATICS","","30.0","5.82","ec6xa8d1","AlgPrompt","False"
"StablePrompt-RAE","mmlu","COLLEGE_MEDICINE","","30.0","8.32","csd7oiyy","AlgPrompt","False"
"StablePrompt-RAE","mmlu","COLLEGE_PHYSICS","","30.0","5.78","vsqpv5bv","AlgPrompt","False"
"StablePrompt-RAE","mmlu","COMPUTER_SECURITY","","30.0","5.85","uauwo1fx","AlgPrompt","False"
"StablePrompt-RAE","mmlu","CONCEPTUAL_PHYSICS","","30.0","7.97","ugl2nxau","AlgPrompt","False"
"StablePrompt-RAE","mmlu","ECONOMETRICS","","30.0","6.2","33zjk1gf","AlgPrompt","False"
"StablePrompt-RAE","mmlu","ELECTRICAL_ENGINEERING","","30.0","6.28","nykbk99n","AlgPrompt","False"
"StablePrompt-RAE","mmlu","ELEMENTARY_MATHEMATICS","","30.0","11.35","xqjfm9c8","AlgPrompt","False"
"StablePrompt-RAE","mmlu","FORMAL_LOGIC","","30.0","6.75","j7rmfngq","AlgPrompt","False"
"StablePrompt-RAE","mmlu","GLOBAL_FACTS","","30.0","5.38","gv4tl1dz","AlgPrompt","False"
"StablePrompt-RAE","mmlu","HIGH_SCHOOL_BIOLOGY","","30.0","9.95","ami1mh0j","AlgPrompt","False"
"StablePrompt-RAE","mmlu","HIGH_SCHOOL_CHEMISTRY","","30.0","8.32","5kom0go7","AlgPrompt","False"
"StablePrompt-RAE","mmlu","HIGH_SCHOOL_COMPUTER_SCIENCE","","30.0","5.95","v0idcwrz","AlgPrompt","False"
"StablePrompt-RAE","mmlu","HIGH_SCHOOL_GEOGRAPHY","","30.0","7.35","ulokorg4","AlgPrompt","False"
"StablePrompt-RAE","mmlu","HIGH_SCHOOL_GOVERNMENT_AND_POLITICS","","30.0","7.3","7r72h4uj","AlgPrompt","False"
"StablePrompt-RAE","mmlu","HIGH_SCHOOL_MACROECONOMICS","","30.0","10.97","n7ud92fh","AlgPrompt","False"
"StablePrompt-RAE","mmlu","HIGH_SCHOOL_MATHEMATICS","","30.0","9.08","738abr4q","AlgPrompt","False"
"StablePrompt-RAE","mmlu","HIGH_SCHOOL_MICROECONOMICS","","30.0","8.33","amnlglhy","AlgPrompt","False"
"StablePrompt-RAE","mmlu","HIGH_SCHOOL_PHYSICS","","30.0","7.18","xy552pie","AlgPrompt","False"
"StablePrompt-RAE","mmlu","HIGH_SCHOOL_PSYCHOLOGY","","30.0","13.97","ohkyxdk8","AlgPrompt","False"
"StablePrompt-RAE","mmlu","HIGH_SCHOOL_STATISTICS","","30.0","8.88","y35a0xdv","AlgPrompt","False"
"StablePrompt-RAE","mmlu","HUMAN_AGING","","30.0","7.53","tam1wkgj","AlgPrompt","False"
"StablePrompt-RAE","mmlu","HUMAN_SEXUALITY","","30.0","5.97","mjytq255","AlgPrompt","False"
"StablePrompt-RAE","mmlu","INTERNATIONAL_LAW","","30.0","6.13","lqqwrytr","AlgPrompt","False"
"StablePrompt-RAE","mmlu","JURISPRUDENCE","","30.0","5.52","g8pxxj3p","AlgPrompt","False"
"StablePrompt-RAE","mmlu","LOGICAL_FALLACIES","","30.0","6.75","5cx1yv20","AlgPrompt","False"
"StablePrompt-RAE","mmlu","MACHINE_LEARNING","","30.0","5.98","71qto5rf","AlgPrompt","False"
"StablePrompt-RAE","mmlu","MANAGEMENT","","30.0","5.37","8i4zs04x","AlgPrompt","False"
"StablePrompt-RAE","mmlu","MARKETING","","30.0","8.13","7r6uyki5","AlgPrompt","False"
"StablePrompt-RAE","mmlu","MEDICAL_GENETICS","","30.0","5.38","z8gfe581","AlgPrompt","False"
"StablePrompt-RAE","mmlu","MISCELLANEOUS","","30.0","18.32","ealdu0gg","AlgPrompt","False"
"StablePrompt-RAE","mmlu","MORAL_DISPUTES","","30.0","10.4","k7jkgmun","AlgPrompt","False"
"StablePrompt-RAE","mmlu","MORAL_SCENARIOS","","30.0","22.93","reluhtps","AlgPrompt","False"
"StablePrompt-RAE","mmlu","NUTRITION","","30.0","9.6","esix242i","AlgPrompt","False"
"StablePrompt-RAE","mmlu","PHILOSOPHY","","30.0","9.52","6k7opmjg","AlgPrompt","False"
"StablePrompt-RAE","mmlu","PREHISTORY","","30.0","9.78","ihl7liv2","AlgPrompt","False"
"StablePrompt-RAE","mmlu","PROFESSIONAL_ACCOUNTING","","30.0","10.23","e2wp27zg","AlgPrompt","False"
"StablePrompt-RAE","mmlu","PROFESSIONAL_MEDICINE","","30.0","12.48","lo1z1b1i","AlgPrompt","False"
"StablePrompt-RAE","mmlu","PROFESSIONAL_PSYCHOLOGY","","30.0","16.4","khu63n2f","AlgPrompt","False"
"StablePrompt-RAE","mmlu","PUBLIC_RELATIONS","","30.0","5.73","mqj24dtr","AlgPrompt","False"
"StablePrompt-RAE","mmlu","SECURITY_STUDIES","","30.0","10.72","nt7g0a5a","AlgPrompt","False"
"StablePrompt-RAE","mmlu","SOCIOLOGY","","30.0","7.37","4dnyuvng","AlgPrompt","False"
"StablePrompt-RAE","mmlu","US_FOREIGN_POLICY","","30.0","5.57","nxuxwvb0","AlgPrompt","False"
"StablePrompt-RAE","mmlu","VIROLOGY","","30.0","6.85","7ed7kuvb","AlgPrompt","False"
"StablePrompt-RAE","mmlu","WORLD_RELIGIONS","","30.0","6.78","xhwc2zjf","AlgPrompt","False"
"StablePrompt-RAE","mmlu","ABSTRACT_ALGEBRA","","30.0","5.53","w0nxue9l","AlgPrompt","False"
"StablePrompt-RAE","mmlu","ANATOMY","","30.0","6.03","te42h38z","AlgPrompt","False"
"StablePrompt-RAE","mmlu","ASTRONOMY","","30.0","6.77","i34s22ug","AlgPrompt","False"
"StablePrompt-RAE","mmlu","BUSINESS_ETHICS","","30.0","5.55","yjukp10v","AlgPrompt","False"
"StablePrompt-RAE","mmlu","CLINICAL_KNOWLEDGE","","30.0","8.58","epforthd","AlgPrompt","False"
"StablePrompt-RAE","mmlu","COLLEGE_BIOLOGY","","30.0","6.38","719fpm3v","AlgPrompt","False"
"StablePrompt-RAE","mmlu","COLLEGE_CHEMISTRY","","30.0","5.47","ks015d43","AlgPrompt","False"
"StablePrompt-RAE","mmlu","COLLEGE_COMPUTER_SCIENCE","","30.0","6.2","d2k6q89f","AlgPrompt","False"
"StablePrompt-RAE","mmlu","COLLEGE_MATHEMATICS","","30.0","5.72","pb6vgh92","AlgPrompt","False"
"StablePrompt-RAE","mmlu","COLLEGE_MEDICINE","","30.0","8.23","303azuhi","AlgPrompt","False"
"StablePrompt-RAE","mmlu","COLLEGE_PHYSICS","","30.0","5.82","6xwxanbl","AlgPrompt","False"
"StablePrompt-RAE","mmlu","COMPUTER_SECURITY","","30.0","5.93","hf4jrgf8","AlgPrompt","False"
"StablePrompt-RAE","mmlu","CONCEPTUAL_PHYSICS","","30.0","8.2","llb06iem","AlgPrompt","False"
"StablePrompt-RAE","mmlu","ECONOMETRICS","","30.0","6.17","gk0ic9gr","AlgPrompt","False"
"StablePrompt-RAE","mmlu","ELECTRICAL_ENGINEERING","","30.0","6.15","vzwnobzr","AlgPrompt","False"
"StablePrompt-RAE","mmlu","ELEMENTARY_MATHEMATICS","","30.0","11.3","nzs4n17g","AlgPrompt","False"
"StablePrompt-RAE","mmlu","ABSTRACT_ALGEBRA","42.0","30.0","6.5","ds23iye2","AlgPrompt","False"
"StablePrompt-RAE","mmlu","ANATOMY","42.0","30.0","4.87","935v09wh","AlgPrompt","False"
"StablePrompt-RAE","mmlu","ASTRONOMY","42.0","30.0","5.75","f4a7z2ht","AlgPrompt","False"
"StablePrompt-RAE","mmlu","COLLEGE_COMPUTER_SCIENCE","42.0","30.0","4.12","zw4dj2le","AlgPrompt","False"
"StablePrompt-RAE","mmlu","COLLEGE_MATHEMATICS","42.0","30.0","3.98","abu7wb70","AlgPrompt","False"
"StablePrompt-RAE","mmlu","COLLEGE_MEDICINE","42.0","30.0","5.82","go2gey2z","AlgPrompt","False"
"StablePrompt-RAE","mmlu","COLLEGE_PHYSICS","42.0","30.0","3.98","uxa8hb1y","AlgPrompt","False"
"StablePrompt-RAE","mmlu","COMPUTER_SECURITY","42.0","30.0","4.03","hi4i5j43","AlgPrompt","False"
"StablePrompt-RAE","mmlu","CONCEPTUAL_PHYSICS","42.0","30.0","5.32","snjt3den","AlgPrompt","False"
"StablePrompt-RAE","mmlu","ECONOMETRICS","42.0","30.0","4.3","2f223w1k","AlgPrompt","False"
"StablePrompt-RAE","mmlu","ELECTRICAL_ENGINEERING","42.0","30.0","4.08","kb83ikii","AlgPrompt","False"
"StablePrompt-RAE","mmlu","ELEMENTARY_MATHEMATICS","42.0","30.0","8.33","ud3ssvfc","AlgPrompt","False"
"StablePrompt-RAE","mmlu","FORMAL_LOGIC","42.0","30.0","4.67","uxupg9uv","AlgPrompt","False"
"StablePrompt-RAE","mmlu","GLOBAL_FACTS","42.0","30.0","3.63","2eixgqdx","AlgPrompt","False"
"StablePrompt-RAE","mmlu","HIGH_SCHOOL_BIOLOGY","42.0","30.0","6.95","z1xfn7rj","AlgPrompt","False"
"StablePrompt-RAE","mmlu","HIGH_SCHOOL_CHEMISTRY","42.0","30.0","5.98","y6z5702e","AlgPrompt","False"
"StablePrompt-RAE","mmlu","HIGH_SCHOOL_COMPUTER_SCIENCE","42.0","30.0","3.98","tw2bef9o","AlgPrompt","False"
"StablePrompt-RAE","mmlu","HIGH_SCHOOL_EUROPEAN_HISTORY","42.0","30.0","8.08","z9ztt3ku","AlgPrompt","False"
"StablePrompt-RAE","mmlu","HIGH_SCHOOL_GEOGRAPHY","42.0","30.0","4.87","jr14yj8v","AlgPrompt","False"
"StablePrompt-RAE","mmlu","HIGH_SCHOOL_GOVERNMENT_AND_POLITICS","42.0","30.0","5.13","zpld1f7c","AlgPrompt","False"
"StablePrompt-RAE","mmlu","HIGH_SCHOOL_MACROECONOMICS","42.0","30.0","7.9","oezrmvwk","AlgPrompt","False"
"StablePrompt-RAE","mmlu","HIGH_SCHOOL_MATHEMATICS","42.0","30.0","6.48","hnws59g7","AlgPrompt","False"
"StablePrompt-RAE","mmlu","HIGH_SCHOOL_MICROECONOMICS","42.0","30.0","5.67","s55k9pqa","AlgPrompt","False"
"StablePrompt-RAE","mmlu","HIGH_SCHOOL_PHYSICS","42.0","30.0","5.18","qax08j7x","AlgPrompt","False"
"StablePrompt-RAE","mmlu","HIGH_SCHOOL_PSYCHOLOGY","42.0","30.0","10.17","izzyqa9w","AlgPrompt","False"
"StablePrompt-RAE","mmlu","HIGH_SCHOOL_STATISTICS","42.0","30.0","6.1","ttth95h9","AlgPrompt","False"
"StablePrompt-RAE","mmlu","HIGH_SCHOOL_US_HISTORY","42.0","30.0","8.45","ciasykxg","AlgPrompt","False"
"StablePrompt-RAE","mmlu","HIGH_SCHOOL_WORLD_HISTORY","42.0","30.0","11.5","05dglm4n","AlgPrompt","False"
"StablePrompt-RAE","mmlu","HUMAN_AGING","42.0","30.0","5","6q7w7t9k","AlgPrompt","False"
"StablePrompt-RAE","mmlu","HUMAN_SEXUALITY","42.0","30.0","3.75","6aewnqco","AlgPrompt","False"
"StablePrompt-RAE","mmlu","INTERNATIONAL_LAW","42.0","30.0","4.4","mavxxabm","AlgPrompt","False"
"StablePrompt-RAE","mmlu","JURISPRUDENCE","42.0","30.0","3.68","tbbflsw4","AlgPrompt","False"
"StablePrompt-RAE","mmlu","LOGICAL_FALLACIES","42.0","30.0","4.65","487nxqtp","AlgPrompt","False"
"StablePrompt-RAE","mmlu","MACHINE_LEARNING","42.0","30.0","3.95","gxi9e0kz","AlgPrompt","False"
"StablePrompt-RAE","mmlu","MANAGEMENT","42.0","30.0","3.53","anf1xoab","AlgPrompt","False"
"StablePrompt-RAE","mmlu","MARKETING","42.0","30.0","5.53","m2bvgylz","AlgPrompt","False"
"StablePrompt-RAE","mmlu","MEDICAL_GENETICS","42.0","30.0","3.67","0ge2binw","AlgPrompt","False"
"StablePrompt-RAE","mmlu","MISCELLANEOUS","42.0","30.0","12.53","945wfack","AlgPrompt","False"
"StablePrompt-RAE","mmlu","MORAL_DISPUTES","42.0","30.0","7.47","v2gup6zr","AlgPrompt","False"
"StablePrompt-RAE","mmlu","MORAL_SCENARIOS","42.0","30.0","17.4","7cx4nt5o","AlgPrompt","False"
"StablePrompt-RAE","mmlu","NUTRITION","42.0","30.0","6.97","q6pzcn13","AlgPrompt","False"
"StablePrompt-RAE","mmlu","PHILOSOPHY","42.0","30.0","6.78","0y5rkwwo","AlgPrompt","False"
"StablePrompt-RAE","mmlu","PREHISTORY","42.0","30.0","7.18","7z56gxe6","AlgPrompt","False"
"StablePrompt-RAE","mmlu","PROFESSIONAL_ACCOUNTING","42.0","30.0","7.4","iav3ecrn","AlgPrompt","False"
"StablePrompt-RAE","mmlu","PROFESSIONAL_LAW","42.0","30.0","45.4","lar7co0t","AlgPrompt","False"
"StablePrompt-RAE","mmlu","PROFESSIONAL_MEDICINE","42.0","30.0","8.77","l2cc7oqq","AlgPrompt","False"
"StablePrompt-RAE","mmlu","PROFESSIONAL_PSYCHOLOGY","42.0","30.0","12.67","zzp378wq","AlgPrompt","False"
"StablePrompt-RAE","mmlu","PUBLIC_RELATIONS","42.0","30.0","3.87","g69dg8eq","AlgPrompt","False"
"StablePrompt-RAE","mmlu","SECURITY_STUDIES","42.0","30.0","7.45","tvfzbl3c","AlgPrompt","False"
"StablePrompt-RAE","mmlu","SOCIOLOGY","42.0","30.0","5.05","0m94ieog","AlgPrompt","False"
"StablePrompt-RAE","mmlu","US_FOREIGN_POLICY","42.0","30.0","3.67","n2u70jcd","AlgPrompt","False"
"StablePrompt-RAE","mmlu","VIROLOGY","42.0","30.0","4.97","vtv67zdl","AlgPrompt","False"
"StablePrompt-RAE","mmlu","WORLD_RELIGIONS","42.0","30.0","4.43","im1rnrfm","AlgPrompt","False"
"StablePrompt-RAE","mmlu","ABSTRACT_ALGEBRA","42.0","30.0","4.33","m3ph287v","AlgPrompt","False"
"StablePrompt-RAE","mmlu","ANATOMY","42.0","30.0","4.23","stgzjyl7","AlgPrompt","False"
"StablePrompt-RAE","mmlu","ASTRONOMY","42.0","30.0","4.57","bt6zyhjy","AlgPrompt","False"
"StablePrompt-RAE","mmlu","BUSINESS_ETHICS","42.0","30.0","3.68","gcwg00xd","AlgPrompt","False"
"StablePrompt-RAE","mmlu","CLINICAL_KNOWLEDGE","42.0","30.0","6.18","k46se5w5","AlgPrompt","False"
"StablePrompt-RAE","mmlu","COLLEGE_BIOLOGY","42.0","30.0","4.5","y1c844or","AlgPrompt","False"
"StablePrompt-RAE","mmlu","COLLEGE_CHEMISTRY","42.0","30.0","3.67","k4mxdxb7","AlgPrompt","False"
"StablePrompt-RAE","mmlu","COLLEGE_COMPUTER_SCIENCE","42.0","30.0","4.12","yjknm651","AlgPrompt","False"
"StablePrompt-RAE","mmlu","COLLEGE_MATHEMATICS","42.0","30.0","3.9","povk0h6f","AlgPrompt","False"
"StablePrompt-RAE","mmlu","COLLEGE_MEDICINE","42.0","30.0","5.93","yr1bsyyh","AlgPrompt","False"
"StablePrompt-RAE","mmlu","COLLEGE_PHYSICS","42.0","30.0","3.87","ur1jxrg5","AlgPrompt","False"
"StablePrompt-RAE","mmlu","COMPUTER_SECURITY","42.0","30.0","4.1","11yynh42","AlgPrompt","False"
"StablePrompt-RAE","mmlu","CONCEPTUAL_PHYSICS","42.0","30.0","5.5","1czg6ab3","AlgPrompt","False"
"StablePrompt-RAE","mmlu","ECONOMETRICS","42.0","30.0","4.28","limnb5y3","AlgPrompt","False"
"StablePrompt-RAE","mmlu","ELECTRICAL_ENGINEERING","42.0","30.0","4.28","apzsipl6","AlgPrompt","False"
"StablePrompt-RAE","mmlu","ELEMENTARY_MATHEMATICS","42.0","30.0","8.32","9n0x9zv2","AlgPrompt","False"
"StablePrompt-RAE","mmlu","FORMAL_LOGIC","42.0","30.0","4.67","oz83ria4","AlgPrompt","False"
"StablePrompt-RAE","mmlu","GLOBAL_FACTS","42.0","30.0","3.72","u4hbfpln","AlgPrompt","False"
"StablePrompt-RAE","mmlu","HIGH_SCHOOL_BIOLOGY","42.0","30.0","6.87","fmdsweev","AlgPrompt","False"
"StablePrompt-RAE","mmlu","HIGH_SCHOOL_CHEMISTRY","42.0","30.0","5.85","ikxwgvwg","AlgPrompt","False"
"StablePrompt-RAE","mmlu","HIGH_SCHOOL_COMPUTER_SCIENCE","42.0","30.0","4.05","d23u5fw3","AlgPrompt","False"
"StablePrompt-RAE","mmlu","HIGH_SCHOOL_EUROPEAN_HISTORY","42.0","30.0","8","265lq5z8","AlgPrompt","False"
"StablePrompt-RAE","mmlu","HIGH_SCHOOL_GEOGRAPHY","42.0","30.0","5.02","3iq1lv9y","AlgPrompt","False"
"StablePrompt-RAE","mmlu","HIGH_SCHOOL_GOVERNMENT_AND_POLITICS","42.0","30.0","5.3","66hsi90o","AlgPrompt","False"
"StablePrompt-RAE","mmlu","HIGH_SCHOOL_MACROECONOMICS","42.0","30.0","8.03","1a52626p","AlgPrompt","False"
"StablePrompt-RAE","mmlu","HIGH_SCHOOL_MATHEMATICS","42.0","30.0","6.5","t9vff28d","AlgPrompt","False"
"StablePrompt-RAE","mmlu","HIGH_SCHOOL_MICROECONOMICS","42.0","30.0","5.95","p47kscn7","AlgPrompt","False"
"StablePrompt-RAE","mmlu","HIGH_SCHOOL_PHYSICS","42.0","30.0","5.13","6ayeiz9a","AlgPrompt","False"
"StablePrompt-RAE","mmlu","HIGH_SCHOOL_PSYCHOLOGY","42.0","30.0","10.37","nkjolpt4","AlgPrompt","False"
"StablePrompt-RAE","mmlu","HIGH_SCHOOL_STATISTICS","42.0","30.0","6.05","5ogon63o","AlgPrompt","False"
"StablePrompt-RAE","mmlu","HIGH_SCHOOL_US_HISTORY","42.0","30.0","8.47","2c8eozuo","AlgPrompt","False"
"StablePrompt-RAE","mmlu","HIGH_SCHOOL_WORLD_HISTORY","42.0","30.0","11.45","yf5i9qrt","AlgPrompt","False"
"StablePrompt-RAE","mmlu","HUMAN_AGING","42.0","30.0","5.17","rcrajve2","AlgPrompt","False"
"StablePrompt-RAE","mmlu","HUMAN_SEXUALITY","42.0","30.0","3.82","sronoml3","AlgPrompt","False"
"StablePrompt-RAE","mmlu","INTERNATIONAL_LAW","42.0","30.0","4.52","bzzbsusw","AlgPrompt","False"
"StablePrompt-RAE","mmlu","JURISPRUDENCE","42.0","30.0","3.77","bu2yh6e6","AlgPrompt","False"
"StablePrompt-RAE","mmlu","LOGICAL_FALLACIES","42.0","30.0","4.65","cgmj0ovy","AlgPrompt","False"
"StablePrompt-RAE","mmlu","MACHINE_LEARNING","42.0","30.0","3.92","6c02h0hl","AlgPrompt","False"
"StablePrompt-RAE","mmlu","MANAGEMENT","42.0","30.0","3.5","qxsahotq","AlgPrompt","False"
"StablePrompt-RAE","mmlu","MARKETING","42.0","30.0","5.57","e3caryeu","AlgPrompt","False"
"StablePrompt-RAE","mmlu","MEDICAL_GENETICS","42.0","30.0","3.65","ohsudbzt","AlgPrompt","False"
"StablePrompt-RAE","mmlu","MISCELLANEOUS","42.0","30.0","12.93","glvwvqqo","AlgPrompt","False"
"StablePrompt-RAE","mmlu","MORAL_DISPUTES","42.0","30.0","7.52","njl76qye","AlgPrompt","False"
"StablePrompt-RAE","mmlu","MORAL_SCENARIOS","42.0","30.0","17.55","km3do40i","AlgPrompt","False"
"StablePrompt-RAE","mmlu","NUTRITION","42.0","30.0","6.9","ek8ro07p","AlgPrompt","False"
"StablePrompt-RAE","mmlu","PHILOSOPHY","42.0","30.0","7.02","3uyjbfdn","AlgPrompt","False"
"StablePrompt-RAE","mmlu","PREHISTORY","42.0","30.0","7.33","j8e9s55z","AlgPrompt","False"
"StablePrompt-RAE","mmlu","PROFESSIONAL_ACCOUNTING","42.0","30.0","7.4","24k8n30y","AlgPrompt","False"
"StablePrompt-RAE","mmlu","PROFESSIONAL_LAW","42.0","30.0","45.35","9xal8yfk","AlgPrompt","False"
"StablePrompt-RAE","mmlu","PROFESSIONAL_MEDICINE","42.0","30.0","8.77","pz2yaxg1","AlgPrompt","False"
"StablePrompt-RAE","mmlu","PROFESSIONAL_PSYCHOLOGY","42.0","30.0","12.9","h8pxvxna","AlgPrompt","False"
"StablePrompt-RAE","mmlu","PUBLIC_RELATIONS","42.0","30.0","4.03","osmhu3r5","AlgPrompt","False"
"StablePrompt-RAE","mmlu","SECURITY_STUDIES","42.0","30.0","7.62","ie0fhf79","AlgPrompt","False"
"StablePrompt-RAE","mmlu","SOCIOLOGY","42.0","30.0","5.27","df3030k3","AlgPrompt","False"
"StablePrompt-RAE","mmlu","US_FOREIGN_POLICY","42.0","30.0","3.72","ae5ugm8o","AlgPrompt","False"
"StablePrompt-RAE","mmlu","VIROLOGY","42.0","30.0","5.13","kubva3cd","AlgPrompt","False"
"StablePrompt-RAE","mmlu","WORLD_RELIGIONS","42.0","30.0","4.43","3ae696kq","AlgPrompt","False"
"StablePrompt-RAE","mmlu","ABSTRACT_ALGEBRA","42.0","30.0","5.32","hho995yk","AlgPrompt","False"
"StablePrompt-RAE","mmlu","ANATOMY","42.0","30.0","2.9","exr96f6h","AlgPrompt","False"
"StablePrompt-RAE","mmlu","ASTRONOMY","42.0","30.0","3.05","xh2xhkj4","AlgPrompt","False"
"StablePrompt-RAE","mmlu","BUSINESS_ETHICS","42.0","30.0","2.62","ljatv6s0","AlgPrompt","False"
"StablePrompt-RAE","mmlu","CLINICAL_KNOWLEDGE","42.0","30.0","4.03","ui150pgf","AlgPrompt","False"
"StablePrompt-RAE","mmlu","COLLEGE_BIOLOGY","42.0","30.0","3.02","vokpg9wh","AlgPrompt","False"
"StablePrompt-RAE","mmlu","COLLEGE_CHEMISTRY","42.0","30.0","2.48","b428lmha","AlgPrompt","False"
"StablePrompt-RAE","mmlu","COLLEGE_COMPUTER_SCIENCE","42.0","30.0","2.78","fgpjzkr8","AlgPrompt","False"
"StablePrompt-RAE","mmlu","COLLEGE_MATHEMATICS","42.0","30.0","2.68","tdebr732","AlgPrompt","False"
"StablePrompt-RAE","mmlu","COLLEGE_MEDICINE","42.0","30.0","3.75","sai2xt5c","AlgPrompt","False"
"StablePrompt-RAE","mmlu","COLLEGE_PHYSICS","42.0","30.0","2.68","6oeaxn2n","AlgPrompt","False"
"StablePrompt-RAE","mmlu","COMPUTER_SECURITY","42.0","30.0","2.77","l7krk4lr","AlgPrompt","False"
"StablePrompt-RAE","mmlu","CONCEPTUAL_PHYSICS","42.0","30.0","3.65","tlogrbhf","AlgPrompt","False"
"StablePrompt-RAE","mmlu","ECONOMETRICS","42.0","30.0","2.8","uwnwhtas","AlgPrompt","False"
"StablePrompt-RAE","mmlu","ELECTRICAL_ENGINEERING","42.0","30.0","2.88","ttbc3oaa","AlgPrompt","False"
"StablePrompt-RAE","mmlu","ELEMENTARY_MATHEMATICS","42.0","30.0","5","y5ukq80l","AlgPrompt","False"
"StablePrompt-RAE","mmlu","FORMAL_LOGIC","42.0","30.0","3.03","44fp4fup","AlgPrompt","False"
"StablePrompt-RAE","mmlu","GLOBAL_FACTS","42.0","30.0","2.58","rplms2sg","AlgPrompt","False"
"StablePrompt-RAE","mmlu","HIGH_SCHOOL_BIOLOGY","42.0","30.0","4.32","xbzpfwao","AlgPrompt","False"
"StablePrompt-RAE","mmlu","HIGH_SCHOOL_CHEMISTRY","42.0","30.0","3.75","aqlysomr","AlgPrompt","False"
"StablePrompt-RAE","mmlu","HIGH_SCHOOL_COMPUTER_SCIENCE","42.0","30.0","2.75","n8bh9eoo","AlgPrompt","False"
"StablePrompt-RAE","mmlu","HIGH_SCHOOL_EUROPEAN_HISTORY","42.0","30.0","4.67","gv7f159p","AlgPrompt","False"
"StablePrompt-RAE","mmlu","HIGH_SCHOOL_GEOGRAPHY","42.0","30.0","3.32","n85dby9z","AlgPrompt","False"
"StablePrompt-RAE","mmlu","HIGH_SCHOOL_GOVERNMENT_AND_POLITICS","42.0","30.0","3.52","js0xq5m8","AlgPrompt","False"
"StablePrompt-RAE","mmlu","HIGH_SCHOOL_MACROECONOMICS","42.0","30.0","5.02","g99kvafr","AlgPrompt","False"
"StablePrompt-RAE","mmlu","HIGH_SCHOOL_MATHEMATICS","42.0","30.0","4.18","bd4i3pav","AlgPrompt","False"
"StablePrompt-RAE","mmlu","HIGH_SCHOOL_MICROECONOMICS","42.0","30.0","3.77","xoue7p0s","AlgPrompt","False"
"StablePrompt-RAE","mmlu","HIGH_SCHOOL_PHYSICS","42.0","30.0","3.27","lido8glg","AlgPrompt","False"
"StablePrompt-RAE","mmlu","HIGH_SCHOOL_PSYCHOLOGY","42.0","30.0","6.4","9sf06ymq","AlgPrompt","False"
"StablePrompt-RAE","mmlu","HIGH_SCHOOL_STATISTICS","42.0","30.0","3.83","sc83vm5z","AlgPrompt","False"
"StablePrompt-RAE","mmlu","HIGH_SCHOOL_US_HISTORY","42.0","30.0","4.78","q6zh5t6a","AlgPrompt","False"
"StablePrompt-RAE","mmlu","HIGH_SCHOOL_WORLD_HISTORY","42.0","30.0","6.33","h3rozwrx","AlgPrompt","False"
"StablePrompt-RAE","mmlu","HUMAN_AGING","42.0","30.0","3.47","rk41n4a7","AlgPrompt","False"
"StablePrompt-RAE","mmlu","HUMAN_SEXUALITY","42.0","30.0","2.7","cp96k24t","AlgPrompt","False"
"StablePrompt-RAE","mmlu","INTERNATIONAL_LAW","42.0","30.0","2.85","92powlid","AlgPrompt","False"
"StablePrompt-RAE","mmlu","JURISPRUDENCE","42.0","30.0","2.75","itrn633p","AlgPrompt","False"
"StablePrompt-RAE","mmlu","LOGICAL_FALLACIES","42.0","30.0","3.13","j8m5jz30","AlgPrompt","False"
"StablePrompt-RAE","mmlu","MACHINE_LEARNING","42.0","30.0","2.75","ss9wdim0","AlgPrompt","False"
"StablePrompt-RAE","mmlu","MANAGEMENT","42.0","30.0","2.57","iv6tt55r","AlgPrompt","False"
"StablePrompt-RAE","mmlu","MARKETING","42.0","30.0","3.67","zvbm3exx","AlgPrompt","False"
"StablePrompt-RAE","mmlu","MEDICAL_GENETICS","42.0","30.0","2.6","kgk5nh8g","AlgPrompt","False"
"StablePrompt-RAE","mmlu","MISCELLANEOUS","42.0","30.0","7.73","v5640smi","AlgPrompt","False"
"StablePrompt-RAE","mmlu","MORAL_DISPUTES","42.0","30.0","4.65","ydrypu89","AlgPrompt","False"
"StablePrompt-RAE","mmlu","MORAL_SCENARIOS","42.0","30.0","9.55","u083i9q2","AlgPrompt","False"
"StablePrompt-RAE","mmlu","NUTRITION","42.0","30.0","4.3","0a0p11io","AlgPrompt","False"
"StablePrompt-RAE","mmlu","PHILOSOPHY","42.0","30.0","4.3","2gmi2lwz","AlgPrompt","False"
"StablePrompt-RAE","mmlu","PREHISTORY","42.0","30.0","4.32","ndqoel4r","AlgPrompt","False"
"StablePrompt-RAE","mmlu","PROFESSIONAL_ACCOUNTING","42.0","30.0","4.43","7ldqkha7","AlgPrompt","False"
"StablePrompt-RAE","mmlu","PROFESSIONAL_LAW","42.0","30.0","23.18","v0c8znj8","AlgPrompt","False"
"StablePrompt-RAE","mmlu","PROFESSIONAL_MEDICINE","42.0","30.0","5.23","2d9zscrw","AlgPrompt","False"
"StablePrompt-RAE","mmlu","PROFESSIONAL_PSYCHOLOGY","42.0","30.0","7.32","k9d011vo","AlgPrompt","False"
"StablePrompt-RAE","mmlu","PUBLIC_RELATIONS","42.0","30.0","2.72","cg3b4ul3","AlgPrompt","False"
"StablePrompt-RAE","mmlu","SECURITY_STUDIES","42.0","30.0","4.52","2ixp22ug","AlgPrompt","False"
"StablePrompt-RAE","mmlu","SOCIOLOGY","42.0","30.0","3.5","2chma4me","AlgPrompt","False"
"StablePrompt-RAE","mmlu","US_FOREIGN_POLICY","42.0","30.0","2.62","uk85plv6","AlgPrompt","False"
"StablePrompt-RAE","mmlu","VIROLOGY","42.0","30.0","3.33","19e02f08","AlgPrompt","False"
"StablePrompt-RAE","mmlu","WORLD_RELIGIONS","42.0","30.0","3.03","bmfxjam4","AlgPrompt","False"
"StablePrompt-PPO","algprompt_classification_snli","SNLI","","100.0","73.53","bc6prqrz","Unknown","True"
"StablePrompt-PPO","algprompt_classification_snli","SNLI","","100.0","49.3","5q6bv3gp","Unknown","True"
"StablePrompt-RAE","algprompt_classification_qnli","QNLI","","100.0","39.03","2n7zbc6q","AlgPrompt","False"
"StablePrompt-PPO","algprompt_classification_qnli","QNLI","","100.0","29.4","z42fn4jy","Unknown","True"
"StablePrompt-RAE","algprompt_classification_mnli","MNLI","","100.0","59.12","acxjarlv","AlgPrompt","False"
"StablePrompt-PPO","algprompt_classification_mnli","MNLI","","100.0","76.57","ewu7nuhq","Unknown","True"
"StablePrompt-PPO","algprompt_classification_mnli","MNLI","","100.0","51.95","3cdsli1h","Unknown","True"
"StablePrompt-PPO","algprompt_classification_rte","RTE","","100.0","22.08","021bviiv","Unknown","True"
"StablePrompt-RAE","algprompt_classification_mrpc","MRPC","","100.0","31.32","9m6c1ql8","AlgPrompt","False"
"StablePrompt-PPO","algprompt_classification_mrpc","MRPC","","100.0","37.47","ayrbxuao","Unknown","True"
"StablePrompt-PPO","algprompt_classification_mrpc","MRPC","","100.0","19.78","ggfk8buo","Unknown","True"
"StablePrompt-RAE","algprompt_classification_sst2","SST2","","100.0","27.7","p6qlvi5v","AlgPrompt","False"
"StablePrompt-PPO","algprompt_classification_sst2","SST2","","100.0","37.22","hxxqjxon","Unknown","True"
"StablePrompt-PPO","algprompt_classification_sst2","SST2","","100.0","20.98","gr6jxsk8","Unknown","True"
